#
# There is insufficient memory for the Java Runtime Environment to continue.
# Native memory allocation (malloc) failed to allocate 1129616 bytes for Chunk::new
# Possible reasons:
#   The system is out of physical RAM or swap space
#   The process is running with CompressedOops enabled, and the Java Heap may be blocking the growth of the native heap
# Possible solutions:
#   Reduce memory load on the system
#   Increase physical memory or swap space
#   Check if swap backing store is full
#   Decrease Java heap size (-Xmx/-Xms)
#   Decrease number of Java threads
#   Decrease Java thread stack sizes (-Xss)
#   Set larger code cache with -XX:ReservedCodeCacheSize=
#   JVM is running with Unscaled Compressed Oops mode in which the Java heap is
#     placed in the first 4GB address space. The Java Heap base address is the
#     maximum limit for the native heap growth. Please use -XX:HeapBaseMinAddress
#     to set the Java Heap base and to place the Java Heap above 4GB virtual address.
# This output file may be truncated or incomplete.
#
#  Out of Memory Error (arena.cpp:189), pid=3092, tid=8528
#
# JRE version: Java(TM) SE Runtime Environment (17.0.12+8) (build 17.0.12+8-LTS-286)
# Java VM: Java HotSpot(TM) 64-Bit Server VM (17.0.12+8-LTS-286, mixed mode, sharing, tiered, compressed oops, compressed class ptrs, g1 gc, windows-amd64)
# No core dump will be written. Minidumps are not enabled by default on client versions of Windows
#

---------------  S U M M A R Y ------------

Command Line: --add-opens=java.base/java.lang=ALL-UNNAMED --add-opens=java.base/java.lang.invoke=ALL-UNNAMED --add-opens=java.base/java.util=ALL-UNNAMED --add-opens=java.prefs/java.util.prefs=ALL-UNNAMED --add-exports=jdk.compiler/com.sun.tools.javac.api=ALL-UNNAMED --add-exports=jdk.compiler/com.sun.tools.javac.util=ALL-UNNAMED --add-opens=java.base/java.util=ALL-UNNAMED --add-opens=java.prefs/java.util.prefs=ALL-UNNAMED --add-opens=java.base/java.nio.charset=ALL-UNNAMED --add-opens=java.base/java.net=ALL-UNNAMED --add-opens=java.base/java.util.concurrent.atomic=ALL-UNNAMED --add-opens=java.xml/javax.xml.namespace=ALL-UNNAMED -XX:MaxMetaspaceSize=512m -Xmx2048m -Dfile.encoding=windows-1252 -Duser.country=GB -Duser.language=en -Duser.variant -javaagent:C:\Users\LENOVO\.gradle\wrapper\dists\gradle-8.12-all\ejduaidbjup3bmmkhw3rie4zb\gradle-8.12\lib\agents\gradle-instrumentation-agent-8.12.jar org.gradle.launcher.daemon.bootstrap.GradleDaemon 8.12

Host: 11th Gen Intel(R) Core(TM) i5-11300H @ 3.10GHz, 8 cores, 7G,  Windows 11 , 64 bit Build 26100 (10.0.26100.3323)
Time: Sat Mar 15 18:32:42 2025 India Standard Time elapsed time: 642.649956 seconds (0d 0h 10m 42s)

---------------  T H R E A D  ---------------

Current thread (0x00000182c8f49980):  JavaThread "C2 CompilerThread0" daemon [_thread_in_native, id=8528, stack(0x0000007586f00000,0x0000007587000000)]


Current CompileTask:
C2: 642650 42421       4       java.util.TreeMap::fixAfterDeletion (351 bytes)

Stack: [0x0000007586f00000,0x0000007587000000]
Native frames: (J=compiled Java code, j=interpreted, Vv=VM code, C=native code)
V  [jvm.dll+0x67a04a]
V  [jvm.dll+0x7da4ed]
V  [jvm.dll+0x7dbe33]
V  [jvm.dll+0x7dc4a3]
V  [jvm.dll+0x24508f]
V  [jvm.dll+0xab773]
V  [jvm.dll+0xabd3c]
V  [jvm.dll+0x361b9f]
V  [jvm.dll+0x32c431]
V  [jvm.dll+0x32b8ca]
V  [jvm.dll+0x21683f]
V  [jvm.dll+0x215c6f]
V  [jvm.dll+0x1a2960]
V  [jvm.dll+0x22610b]
V  [jvm.dll+0x2242ab]
V  [jvm.dll+0x79075c]
V  [jvm.dll+0x78abea]
V  [jvm.dll+0x678f35]
C  [ucrtbase.dll+0x37b0]
C  [KERNEL32.DLL+0x2e8d7]
C  [ntdll.dll+0xbbf6c]


---------------  P R O C E S S  ---------------

Threads class SMR info:
_java_thread_list=0x00000182f5c46e20, length=150, elements={
0x00000182aa859fc0, 0x00000182c8f2deb0, 0x00000182c8f2f990, 0x00000182c8f42490,
0x00000182c8f44d70, 0x00000182c8f45640, 0x00000182c8f45f10, 0x00000182c8f49980,
0x00000182c8f4b2f0, 0x00000182c8f58050, 0x00000182c94dd550, 0x00000182c959e620,
0x00000182e96898f0, 0x00000182e9b9af90, 0x00000182ea44ec80, 0x00000182ea439ba0,
0x00000182ea439690, 0x00000182ea438760, 0x00000182ea9f6c10, 0x00000182ea9f48a0,
0x00000182ea9f5ce0, 0x00000182ea9f61f0, 0x00000182ee6a8e70, 0x00000182ec0b7700,
0x00000182ec0b9560, 0x00000182ec0bb3c0, 0x00000182ec0baeb0, 0x00000182ee6a7f40,
0x00000182ef0850e0, 0x00000182ef0855f0, 0x00000182f4492df0, 0x00000182f87c5da0,
0x00000182f7a8e820, 0x00000182f8e754a0, 0x00000182eeb67890, 0x00000182eeb691e0,
0x00000182eeb66e70, 0x00000182eeb682b0, 0x00000182eeb696f0, 0x00000182ecf131e0,
0x00000182f83e5ee0, 0x00000182f83e63f0, 0x00000182f83e7320, 0x00000182f83e4aa0,
0x00000182f83e4fb0, 0x00000182f83e54c0, 0x00000182f83e6900, 0x00000182f83e6e10,
0x00000182f83e4080, 0x00000182f83e59d0, 0x00000182eeb67380, 0x00000182eeb68cd0,
0x00000182eeb65f40, 0x00000182ef55a420, 0x00000182ef55b350, 0x00000182ecf13c00,
0x00000182ed27c060, 0x00000182ed27bb50, 0x00000182ed2797e0, 0x00000182ed27a200,
0x00000182ed278dc0, 0x00000182ed279cf0, 0x00000182ed27a710, 0x00000182f6b35850,
0x00000182f6b35d60, 0x00000182f6b371a0, 0x00000182f6b34e30, 0x00000182f6b376b0,
0x00000182f6b35340, 0x00000182edb0bed0, 0x00000182f87c4960, 0x00000182ecd6ffb0,
0x00000182f6b36270, 0x00000182ecf11890, 0x00000182ecf11da0, 0x00000182f87c4e70,
0x00000182f8e72710, 0x00000182f8e74060, 0x00000182f8e73130, 0x00000182f8e72c20,
0x00000182f8e73640, 0x00000182f8e73b50, 0x00000182f8e74570, 0x00000182ed27ac20,
0x00000182f8e759b0, 0x00000182f8e74f90, 0x00000182ef0841b0, 0x00000182ef083ca0,
0x00000182ef0846c0, 0x00000182ef084bd0, 0x00000182ee180540, 0x00000182ecd6f590,
0x00000182f9323bb0, 0x00000182f6dc1240, 0x00000182f6dc2170, 0x00000182f6dc35b0,
0x00000182f6dc30a0, 0x00000182f6b36780, 0x00000182ee181470, 0x00000182ee1823a0,
0x00000182ee180f60, 0x00000182ee181980, 0x00000182f9325f20, 0x00000182f9324ae0,
0x00000182f9326940, 0x00000182f93240c0, 0x00000182f6b36c90, 0x00000182f6b37bc0,
0x00000182f6b380d0, 0x00000182f6b385e0, 0x00000182f9326430, 0x00000182f9324ff0,
0x00000182f9326e50, 0x00000182ed27b130, 0x00000182ed27b640, 0x00000182ed27c570,
0x00000182f87c62b0, 0x00000182f87c5380, 0x00000182f87c67c0, 0x00000182f87c71e0,
0x00000182f87c3a30, 0x00000182f87c76f0, 0x00000182f87c4450, 0x00000182f87c3f40,
0x00000182f87c8110, 0x00000182f87c8b30, 0x00000182ec313700, 0x00000182ecf122b0,
0x00000182ecf127c0, 0x00000182efa67430, 0x00000182efa67940, 0x00000182ec314120,
0x00000182ec3118a0, 0x00000182f57e92a0, 0x00000182f44919b0, 0x00000182f4493300,
0x00000182f44928e0, 0x00000182f4491ec0, 0x00000182f44923d0, 0x00000182ed7d9a30,
0x00000182ed7d9010, 0x00000182ed7d9520, 0x00000182ed7d7bd0, 0x00000182ed7d80e0,
0x00000182ed7d85f0, 0x00000182f57e9cc0, 0x00000182f57ea6e0, 0x00000182f6b6a520,
0x00000182c95d08e0, 0x00000182ee1828b0
}

Java Threads: ( => current thread )
  0x00000182aa859fc0 JavaThread "main" [_thread_blocked, id=14120, stack(0x0000007586200000,0x0000007586300000)]
  0x00000182c8f2deb0 JavaThread "Reference Handler" daemon [_thread_blocked, id=2540, stack(0x0000007586900000,0x0000007586a00000)]
  0x00000182c8f2f990 JavaThread "Finalizer" daemon [_thread_blocked, id=7592, stack(0x0000007586a00000,0x0000007586b00000)]
  0x00000182c8f42490 JavaThread "Signal Dispatcher" daemon [_thread_blocked, id=3100, stack(0x0000007586b00000,0x0000007586c00000)]
  0x00000182c8f44d70 JavaThread "Attach Listener" daemon [_thread_blocked, id=11760, stack(0x0000007586c00000,0x0000007586d00000)]
  0x00000182c8f45640 JavaThread "Service Thread" daemon [_thread_blocked, id=1680, stack(0x0000007586d00000,0x0000007586e00000)]
  0x00000182c8f45f10 JavaThread "Monitor Deflation Thread" daemon [_thread_blocked, id=9508, stack(0x0000007586e00000,0x0000007586f00000)]
=>0x00000182c8f49980 JavaThread "C2 CompilerThread0" daemon [_thread_in_native, id=8528, stack(0x0000007586f00000,0x0000007587000000)]
  0x00000182c8f4b2f0 JavaThread "C1 CompilerThread0" daemon [_thread_blocked, id=7104, stack(0x0000007587000000,0x0000007587100000)]
  0x00000182c8f58050 JavaThread "Sweeper thread" daemon [_thread_blocked, id=12172, stack(0x0000007587100000,0x0000007587200000)]
  0x00000182c94dd550 JavaThread "Common-Cleaner" daemon [_thread_blocked, id=11440, stack(0x0000007587200000,0x0000007587300000)]
  0x00000182c959e620 JavaThread "Notification Thread" daemon [_thread_blocked, id=6116, stack(0x0000007587300000,0x0000007587400000)]
  0x00000182e96898f0 JavaThread "Daemon health stats" [_thread_blocked, id=4824, stack(0x0000007587a00000,0x0000007587b00000)]
  0x00000182e9b9af90 JavaThread "Incoming local TCP Connector on port 50269" [_thread_in_native, id=9388, stack(0x0000007587b00000,0x0000007587c00000)]
  0x00000182ea44ec80 JavaThread "Daemon periodic checks" [_thread_blocked, id=2712, stack(0x0000007587c00000,0x0000007587d00000)]
  0x00000182ea439ba0 JavaThread "Cache worker for journal cache (C:\Users\LENOVO\.gradle\caches\journal-1)" [_thread_blocked, id=2072, stack(0x0000007588400000,0x0000007588500000)]
  0x00000182ea439690 JavaThread "File lock request listener" [_thread_in_native, id=2680, stack(0x0000007588500000,0x0000007588600000)]
  0x00000182ea438760 JavaThread "Cache worker for file hash cache (C:\Users\LENOVO\.gradle\caches\8.12\fileHashes)" [_thread_blocked, id=5224, stack(0x0000007588600000,0x0000007588700000)]
  0x00000182ea9f6c10 JavaThread "File watcher server" daemon [_thread_in_native, id=12316, stack(0x0000007588d00000,0x0000007588e00000)]
  0x00000182ea9f48a0 JavaThread "File watcher consumer" daemon [_thread_blocked, id=8240, stack(0x0000007588e00000,0x0000007588f00000)]
  0x00000182ea9f5ce0 JavaThread "jar transforms" [_thread_blocked, id=13224, stack(0x0000007588f00000,0x0000007589000000)]
  0x00000182ea9f61f0 JavaThread "Cache worker for file content cache (C:\Users\LENOVO\.gradle\caches\8.12\fileContent)" [_thread_blocked, id=13688, stack(0x0000007589100000,0x0000007589200000)]
  0x00000182ee6a8e70 JavaThread "Memory manager" [_thread_blocked, id=4944, stack(0x0000007587500000,0x0000007587600000)]
  0x00000182ec0b7700 JavaThread "jar transforms Thread 2" [_thread_blocked, id=7836, stack(0x000000758f700000,0x000000758f800000)]
  0x00000182ec0b9560 JavaThread "jar transforms Thread 3" [_thread_blocked, id=3484, stack(0x0000007589500000,0x0000007589600000)]
  0x00000182ec0bb3c0 JavaThread "jar transforms Thread 4" [_thread_blocked, id=6856, stack(0x000000758fd00000,0x000000758fe00000)]
  0x00000182ec0baeb0 JavaThread "jar transforms Thread 5" [_thread_blocked, id=7472, stack(0x000000758fc00000,0x000000758fd00000)]
  0x00000182ee6a7f40 JavaThread "jar transforms Thread 6" [_thread_blocked, id=5804, stack(0x000000758fe00000,0x000000758ff00000)]
  0x00000182ef0850e0 JavaThread "jar transforms Thread 7" [_thread_blocked, id=13968, stack(0x0000007590200000,0x0000007590300000)]
  0x00000182ef0855f0 JavaThread "jar transforms Thread 8" [_thread_blocked, id=2588, stack(0x0000007590300000,0x0000007590400000)]
  0x00000182f4492df0 JavaThread "ForkJoinPool.commonPool-worker-9" daemon [_thread_blocked, id=8808, stack(0x000000758ab00000,0x000000758ac00000)]
  0x00000182f87c5da0 JavaThread "ForkJoinPool.commonPool-worker-10" daemon [_thread_blocked, id=14480, stack(0x000000758ac00000,0x000000758ad00000)]
  0x00000182f7a8e820 JavaThread "ForkJoinPool.commonPool-worker-11" daemon [_thread_blocked, id=14824, stack(0x000000758ad00000,0x000000758ae00000)]
  0x00000182f8e754a0 JavaThread "Cache worker for Java compile cache (C:\Users\LENOVO\.gradle\caches\8.12\javaCompile)" [_thread_blocked, id=11432, stack(0x0000007585f00000,0x0000007586000000)]
  0x00000182eeb67890 JavaThread "RMI Scheduler(0)" daemon [_thread_blocked, id=10352, stack(0x0000007586000000,0x0000007586100000)]
  0x00000182eeb691e0 JavaThread "RMI GC Daemon" daemon [_thread_blocked, id=8628, stack(0x0000007592100000,0x0000007592200000)]
  0x00000182eeb66e70 JavaThread "RMI TCP Accept-0" daemon [_thread_in_native, id=4008, stack(0x0000007592400000,0x0000007592500000)]
  0x00000182eeb682b0 JavaThread "RMI Reaper" [_thread_blocked, id=17012, stack(0x0000007592500000,0x0000007592600000)]
  0x00000182eeb696f0 JavaThread "RMI RenewClean-[127.0.0.1:17853,org.jetbrains.kotlin.daemon.common.LoopbackNetworkInterface$ClientLoopbackSocketFactory@c8d6586]" daemon [_thread_blocked, id=3548, stack(0x0000007592800000,0x0000007592900000)]
  0x00000182ecf131e0 JavaThread "Daemon Thread 3" [_thread_blocked, id=14524, stack(0x0000007586100000,0x0000007586200000)]
  0x00000182f83e5ee0 JavaThread "Handler for socket connection from /127.0.0.1:50269 to /127.0.0.1:50970" [_thread_in_native, id=4140, stack(0x0000007587f00000,0x0000007588000000)]
  0x00000182f83e63f0 JavaThread "Cancel handler" [_thread_blocked, id=13400, stack(0x0000007588000000,0x0000007588100000)]
  0x00000182f83e7320 JavaThread "Daemon worker Thread 3" [_thread_blocked, id=876, stack(0x0000007588200000,0x0000007588300000)]
  0x00000182f83e4aa0 JavaThread "Asynchronous log dispatcher for DefaultDaemonConnection: socket connection from /127.0.0.1:50269 to /127.0.0.1:50970" [_thread_blocked, id=9208, stack(0x0000007588300000,0x0000007588400000)]
  0x00000182f83e4fb0 JavaThread "Stdin handler" [_thread_blocked, id=16896, stack(0x0000007588a00000,0x0000007588b00000)]
  0x00000182f83e54c0 JavaThread "Daemon client event forwarder" [_thread_blocked, id=3148, stack(0x0000007588b00000,0x0000007588c00000)]
  0x00000182f83e6900 JavaThread "Cache worker for file hash cache (D:\ReactNativeLearning\Portfolio\android\.gradle\8.12\fileHashes)" [_thread_blocked, id=10596, stack(0x0000007589000000,0x0000007589100000)]
  0x00000182f83e6e10 JavaThread "Cache worker for Build Output Cleanup Cache (D:\ReactNativeLearning\Portfolio\android\.gradle\buildOutputCleanup)" [_thread_blocked, id=2664, stack(0x0000007589200000,0x0000007589300000)]
  0x00000182f83e4080 JavaThread "Cache worker for checksums cache (D:\ReactNativeLearning\Portfolio\android\.gradle\8.12\checksums)" [_thread_blocked, id=3460, stack(0x0000007589300000,0x0000007589400000)]
  0x00000182f83e59d0 JavaThread "Cache worker for cache directory md-rule (C:\Users\LENOVO\.gradle\caches\8.12\md-rule)" [_thread_blocked, id=14512, stack(0x0000007589400000,0x0000007589500000)]
  0x00000182eeb67380 JavaThread "Cache worker for cache directory md-supplier (C:\Users\LENOVO\.gradle\caches\8.12\md-supplier)" [_thread_blocked, id=9292, stack(0x0000007589600000,0x0000007589700000)]
  0x00000182eeb68cd0 JavaThread "Cache worker for Build Output Cleanup Cache (D:\ReactNativeLearning\Portfolio\node_modules\@react-native\gradle-plugin\.gradle\buildOutputCleanup)" [_thread_blocked, id=9816, stack(0x0000007589700000,0x0000007589800000)]
  0x00000182eeb65f40 JavaThread "Unconstrained build operations" [_thread_blocked, id=12404, stack(0x0000007589800000,0x0000007589900000)]
  0x00000182ef55a420 JavaThread "Unconstrained build operations Thread 2" [_thread_blocked, id=17296, stack(0x0000007589900000,0x0000007589a00000)]
  0x00000182ef55b350 JavaThread "Unconstrained build operations Thread 3" [_thread_blocked, id=12500, stack(0x0000007589b00000,0x0000007589c00000)]
  0x00000182ecf13c00 JavaThread "Unconstrained build operations Thread 4" [_thread_blocked, id=17000, stack(0x0000007589c00000,0x0000007589d00000)]
  0x00000182ed27c060 JavaThread "Unconstrained build operations Thread 5" [_thread_blocked, id=15508, stack(0x0000007589e00000,0x0000007589f00000)]
  0x00000182ed27bb50 JavaThread "Unconstrained build operations Thread 6" [_thread_blocked, id=3812, stack(0x0000007589f00000,0x000000758a000000)]
  0x00000182ed2797e0 JavaThread "Unconstrained build operations Thread 7" [_thread_blocked, id=11556, stack(0x000000758a000000,0x000000758a100000)]
  0x00000182ed27a200 JavaThread "Unconstrained build operations Thread 8" [_thread_blocked, id=16888, stack(0x000000758a100000,0x000000758a200000)]
  0x00000182ed278dc0 JavaThread "Unconstrained build operations Thread 9" [_thread_blocked, id=10972, stack(0x000000758a200000,0x000000758a300000)]
  0x00000182ed279cf0 JavaThread "Unconstrained build operations Thread 10" [_thread_blocked, id=6064, stack(0x000000758a300000,0x000000758a400000)]
  0x00000182ed27a710 JavaThread "Unconstrained build operations Thread 11" [_thread_blocked, id=17132, stack(0x000000758a400000,0x000000758a500000)]
  0x00000182f6b35850 JavaThread "Unconstrained build operations Thread 12" [_thread_blocked, id=17164, stack(0x000000758a500000,0x000000758a600000)]
  0x00000182f6b35d60 JavaThread "Unconstrained build operations Thread 13" [_thread_blocked, id=17172, stack(0x000000758a600000,0x000000758a700000)]
  0x00000182f6b371a0 JavaThread "Unconstrained build operations Thread 14" [_thread_blocked, id=16560, stack(0x000000758a700000,0x000000758a800000)]
  0x00000182f6b34e30 JavaThread "Unconstrained build operations Thread 15" [_thread_blocked, id=9724, stack(0x000000758a800000,0x000000758a900000)]
  0x00000182f6b376b0 JavaThread "Unconstrained build operations Thread 16" [_thread_blocked, id=17168, stack(0x000000758a900000,0x000000758aa00000)]
  0x00000182f6b35340 JavaThread "Unconstrained build operations Thread 17" [_thread_blocked, id=15704, stack(0x000000758aa00000,0x000000758ab00000)]
  0x00000182edb0bed0 JavaThread "Unconstrained build operations Thread 18" [_thread_blocked, id=8852, stack(0x000000758ae00000,0x000000758af00000)]
  0x00000182f87c4960 JavaThread "build event listener" [_thread_blocked, id=5484, stack(0x000000758af00000,0x000000758b000000)]
  0x00000182ecd6ffb0 JavaThread "ForkJoinPool.commonPool-worker-14" daemon [_thread_blocked, id=14992, stack(0x000000758b000000,0x000000758b100000)]
  0x00000182f6b36270 JavaThread "ForkJoinPool.commonPool-worker-13" daemon [_thread_blocked, id=17308, stack(0x000000758b100000,0x000000758b200000)]
  0x00000182ecf11890 JavaThread "ForkJoinPool.commonPool-worker-15" daemon [_thread_blocked, id=13880, stack(0x000000758b200000,0x000000758b300000)]
  0x00000182ecf11da0 JavaThread "ForkJoinPool.commonPool-worker-16" daemon [_thread_blocked, id=16944, stack(0x000000758b300000,0x000000758b400000)]
  0x00000182f87c4e70 JavaThread "included builds" [_thread_blocked, id=17304, stack(0x000000758b400000,0x000000758b500000)]
  0x00000182f8e72710 JavaThread "Execution worker" [_thread_blocked, id=1452, stack(0x000000758b500000,0x000000758b600000)]
  0x00000182f8e74060 JavaThread "Execution worker Thread 2" [_thread_in_Java, id=17156, stack(0x000000758b600000,0x000000758b700000)]
  0x00000182f8e73130 JavaThread "Execution worker Thread 3" [_thread_blocked, id=15308, stack(0x000000758b700000,0x000000758b800000)]
  0x00000182f8e72c20 JavaThread "Execution worker Thread 4" [_thread_blocked, id=11984, stack(0x000000758b800000,0x000000758b900000)]
  0x00000182f8e73640 JavaThread "Execution worker Thread 5" [_thread_blocked, id=14220, stack(0x000000758b900000,0x000000758ba00000)]
  0x00000182f8e73b50 JavaThread "Execution worker Thread 6" [_thread_blocked, id=5900, stack(0x000000758ba00000,0x000000758bb00000)]
  0x00000182f8e74570 JavaThread "Execution worker Thread 7" [_thread_blocked, id=9432, stack(0x000000758bb00000,0x000000758bc00000)]
  0x00000182ed27ac20 JavaThread "Cache worker for execution history cache (D:\ReactNativeLearning\Portfolio\node_modules\@react-native\gradle-plugin\.gradle\8.12\executionHistory)" [_thread_blocked, id=2440, stack(0x000000758bc00000,0x000000758bd00000)]
  0x00000182f8e759b0 JavaThread "Unconstrained build operations Thread 19" [_thread_blocked, id=6128, stack(0x000000758bd00000,0x000000758be00000)]
  0x00000182f8e74f90 JavaThread "Unconstrained build operations Thread 20" [_thread_blocked, id=9588, stack(0x000000758be00000,0x000000758bf00000)]
  0x00000182ef0841b0 JavaThread "Unconstrained build operations Thread 21" [_thread_blocked, id=11756, stack(0x000000758bf00000,0x000000758c000000)]
  0x00000182ef083ca0 JavaThread "Unconstrained build operations Thread 22" [_thread_blocked, id=10716, stack(0x000000758c000000,0x000000758c100000)]
  0x00000182ef0846c0 JavaThread "Unconstrained build operations Thread 23" [_thread_blocked, id=15732, stack(0x000000758c100000,0x000000758c200000)]
  0x00000182ef084bd0 JavaThread "Unconstrained build operations Thread 24" [_thread_blocked, id=14612, stack(0x000000758c200000,0x000000758c300000)]
  0x00000182ee180540 JavaThread "Unconstrained build operations Thread 25" [_thread_blocked, id=3860, stack(0x000000758c300000,0x000000758c400000)]
  0x00000182ecd6f590 JavaThread "Unconstrained build operations Thread 26" [_thread_blocked, id=3684, stack(0x000000758c400000,0x000000758c500000)]
  0x00000182f9323bb0 JavaThread "Unconstrained build operations Thread 27" [_thread_blocked, id=17048, stack(0x000000758c500000,0x000000758c600000)]
  0x00000182f6dc1240 JavaThread "Unconstrained build operations Thread 28" [_thread_blocked, id=3160, stack(0x000000758c600000,0x000000758c700000)]
  0x00000182f6dc2170 JavaThread "Unconstrained build operations Thread 29" [_thread_blocked, id=7656, stack(0x000000758c700000,0x000000758c800000)]
  0x00000182f6dc35b0 JavaThread "Unconstrained build operations Thread 30" [_thread_blocked, id=15292, stack(0x000000758c800000,0x000000758c900000)]
  0x00000182f6dc30a0 JavaThread "Unconstrained build operations Thread 31" [_thread_blocked, id=2064, stack(0x000000758c900000,0x000000758ca00000)]
  0x00000182f6b36780 JavaThread "Unconstrained build operations Thread 32" [_thread_blocked, id=2740, stack(0x000000758ca00000,0x000000758cb00000)]
  0x00000182ee181470 JavaThread "Unconstrained build operations Thread 33" [_thread_blocked, id=6212, stack(0x000000758cb00000,0x000000758cc00000)]
  0x00000182ee1823a0 JavaThread "Unconstrained build operations Thread 34" [_thread_blocked, id=11864, stack(0x000000758cc00000,0x000000758cd00000)]
  0x00000182ee180f60 JavaThread "Unconstrained build operations Thread 35" [_thread_blocked, id=14728, stack(0x000000758cd00000,0x000000758ce00000)]
  0x00000182ee181980 JavaThread "Unconstrained build operations Thread 36" [_thread_blocked, id=12668, stack(0x000000758ce00000,0x000000758cf00000)]
  0x00000182f9325f20 JavaThread "Unconstrained build operations Thread 37" [_thread_blocked, id=6148, stack(0x000000758cf00000,0x000000758d000000)]
  0x00000182f9324ae0 JavaThread "Unconstrained build operations Thread 38" [_thread_blocked, id=14648, stack(0x000000758d000000,0x000000758d100000)]
  0x00000182f9326940 JavaThread "Unconstrained build operations Thread 39" [_thread_blocked, id=11412, stack(0x000000758d100000,0x000000758d200000)]
  0x00000182f93240c0 JavaThread "Unconstrained build operations Thread 40" [_thread_blocked, id=12016, stack(0x000000758d200000,0x000000758d300000)]
  0x00000182f6b36c90 JavaThread "Unconstrained build operations Thread 41" [_thread_blocked, id=14760, stack(0x000000758d300000,0x000000758d400000)]
  0x00000182f6b37bc0 JavaThread "Unconstrained build operations Thread 42" [_thread_blocked, id=16240, stack(0x000000758d400000,0x000000758d500000)]
  0x00000182f6b380d0 JavaThread "Unconstrained build operations Thread 43" [_thread_blocked, id=7188, stack(0x000000758d500000,0x000000758d600000)]
  0x00000182f6b385e0 JavaThread "Unconstrained build operations Thread 44" [_thread_blocked, id=2792, stack(0x000000758d600000,0x000000758d700000)]
  0x00000182f9326430 JavaThread "Unconstrained build operations Thread 45" [_thread_blocked, id=9132, stack(0x000000758d700000,0x000000758d800000)]
  0x00000182f9324ff0 JavaThread "Unconstrained build operations Thread 46" [_thread_blocked, id=7976, stack(0x000000758d800000,0x000000758d900000)]
  0x00000182f9326e50 JavaThread "Unconstrained build operations Thread 47" [_thread_blocked, id=6248, stack(0x000000758d900000,0x000000758da00000)]
  0x00000182ed27b130 JavaThread "Unconstrained build operations Thread 48" [_thread_blocked, id=13824, stack(0x000000758da00000,0x000000758db00000)]
  0x00000182ed27b640 JavaThread "Unconstrained build operations Thread 49" [_thread_blocked, id=952, stack(0x000000758db00000,0x000000758dc00000)]
  0x00000182ed27c570 JavaThread "Unconstrained build operations Thread 50" [_thread_blocked, id=4820, stack(0x000000758dc00000,0x000000758dd00000)]
  0x00000182f87c62b0 JavaThread "Unconstrained build operations Thread 51" [_thread_blocked, id=9956, stack(0x000000758dd00000,0x000000758de00000)]
  0x00000182f87c5380 JavaThread "Unconstrained build operations Thread 52" [_thread_blocked, id=14844, stack(0x000000758de00000,0x000000758df00000)]
  0x00000182f87c67c0 JavaThread "Unconstrained build operations Thread 53" [_thread_blocked, id=17080, stack(0x000000758df00000,0x000000758e000000)]
  0x00000182f87c71e0 JavaThread "Unconstrained build operations Thread 54" [_thread_blocked, id=8024, stack(0x000000758e000000,0x000000758e100000)]
  0x00000182f87c3a30 JavaThread "Unconstrained build operations Thread 55" [_thread_blocked, id=4676, stack(0x000000758e100000,0x000000758e200000)]
  0x00000182f87c76f0 JavaThread "Unconstrained build operations Thread 56" [_thread_blocked, id=1664, stack(0x000000758e200000,0x000000758e300000)]
  0x00000182f87c4450 JavaThread "Unconstrained build operations Thread 57" [_thread_blocked, id=1972, stack(0x000000758e300000,0x000000758e400000)]
  0x00000182f87c3f40 JavaThread "Unconstrained build operations Thread 58" [_thread_blocked, id=1824, stack(0x000000758e400000,0x000000758e500000)]
  0x00000182f87c8110 JavaThread "Unconstrained build operations Thread 59" [_thread_blocked, id=17404, stack(0x000000758e500000,0x000000758e600000)]
  0x00000182f87c8b30 JavaThread "Unconstrained build operations Thread 60" [_thread_blocked, id=17400, stack(0x000000758e600000,0x000000758e700000)]
  0x00000182ec313700 JavaThread "Unconstrained build operations Thread 61" [_thread_blocked, id=5836, stack(0x000000758e700000,0x000000758e800000)]
  0x00000182ecf122b0 JavaThread "Unconstrained build operations Thread 62" [_thread_blocked, id=10700, stack(0x000000758e800000,0x000000758e900000)]
  0x00000182ecf127c0 JavaThread "Unconstrained build operations Thread 63" [_thread_blocked, id=14000, stack(0x000000758e900000,0x000000758ea00000)]
  0x00000182efa67430 JavaThread "Unconstrained build operations Thread 64" [_thread_blocked, id=17120, stack(0x000000758ea00000,0x000000758eb00000)]
  0x00000182efa67940 JavaThread "Unconstrained build operations Thread 65" [_thread_blocked, id=11232, stack(0x000000758eb00000,0x000000758ec00000)]
  0x00000182ec314120 JavaThread "Unconstrained build operations Thread 66" [_thread_blocked, id=12040, stack(0x000000758ec00000,0x000000758ed00000)]
  0x00000182ec3118a0 JavaThread "Unconstrained build operations Thread 67" [_thread_blocked, id=8420, stack(0x000000758ed00000,0x000000758ee00000)]
  0x00000182f57e92a0 JavaThread "Unconstrained build operations Thread 68" [_thread_blocked, id=10220, stack(0x000000758ee00000,0x000000758ef00000)]
  0x00000182f44919b0 JavaThread "build event listener" [_thread_blocked, id=12524, stack(0x000000758ef00000,0x000000758f000000)]
  0x00000182f4493300 JavaThread "Problems report writer" [_thread_blocked, id=6200, stack(0x000000758f000000,0x000000758f100000)]
  0x00000182f44928e0 JavaThread "Unconstrained build operations Thread 69" [_thread_blocked, id=4108, stack(0x000000758f100000,0x000000758f200000)]
  0x00000182f4491ec0 JavaThread "Unconstrained build operations Thread 70" [_thread_blocked, id=9444, stack(0x000000758f200000,0x000000758f300000)]
  0x00000182f44923d0 JavaThread "Unconstrained build operations Thread 71" [_thread_blocked, id=4016, stack(0x000000758f300000,0x000000758f400000)]
  0x00000182ed7d9a30 JavaThread "Unconstrained build operations Thread 72" [_thread_blocked, id=10212, stack(0x000000758f400000,0x000000758f500000)]
  0x00000182ed7d9010 JavaThread "Unconstrained build operations Thread 73" [_thread_blocked, id=2876, stack(0x000000758f500000,0x000000758f600000)]
  0x00000182ed7d9520 JavaThread "Unconstrained build operations Thread 74" [_thread_blocked, id=8888, stack(0x000000758f600000,0x000000758f700000)]
  0x00000182ed7d7bd0 JavaThread "Unconstrained build operations Thread 75" [_thread_blocked, id=15600, stack(0x000000758f800000,0x000000758f900000)]
  0x00000182ed7d80e0 JavaThread "Unconstrained build operations Thread 76" [_thread_blocked, id=5528, stack(0x000000758f900000,0x000000758fa00000)]
  0x00000182ed7d85f0 JavaThread "Unconstrained build operations Thread 77" [_thread_blocked, id=8692, stack(0x000000758fa00000,0x000000758fb00000)]
  0x00000182f57e9cc0 JavaThread "Unconstrained build operations Thread 78" [_thread_blocked, id=15980, stack(0x000000758fb00000,0x000000758fc00000)]
  0x00000182f57ea6e0 JavaThread "Unconstrained build operations Thread 79" [_thread_blocked, id=2904, stack(0x000000758ff00000,0x0000007590000000)]
  0x00000182f6b6a520 JavaThread "Unconstrained build operations Thread 80" [_thread_blocked, id=3244, stack(0x0000007590000000,0x0000007590100000)]
  0x00000182c95d08e0 JavaThread "C2 CompilerThread1" daemon [_thread_in_native, id=16072, stack(0x0000007589a00000,0x0000007589b00000)]
  0x00000182ee1828b0 JavaThread "Cache worker for execution history cache (D:\ReactNativeLearning\Portfolio\android\.gradle\8.12\executionHistory)" [_thread_blocked, id=11916, stack(0x0000007589d00000,0x0000007589e00000)]

Other Threads:
  0x00000182c8f29cc0 VMThread "VM Thread" [stack: 0x0000007586800000,0x0000007586900000] [id=3208]
  0x00000182aa8ed1d0 WatcherThread [stack: 0x0000007587400000,0x0000007587500000] [id=15572]
  0x00000182aa8b6c50 GCTaskThread "GC Thread#0" [stack: 0x0000007586300000,0x0000007586400000] [id=5784]
  0x00000182c98766e0 GCTaskThread "GC Thread#1" [stack: 0x0000007587600000,0x0000007587700000] [id=16012]
  0x00000182c98769a0 GCTaskThread "GC Thread#2" [stack: 0x0000007587700000,0x0000007587800000] [id=7128]
  0x00000182e97dc970 GCTaskThread "GC Thread#3" [stack: 0x0000007587800000,0x0000007587900000] [id=16040]
  0x00000182e9f63b20 GCTaskThread "GC Thread#4" [stack: 0x0000007587900000,0x0000007587a00000] [id=10708]
  0x00000182ebe21a00 GCTaskThread "GC Thread#5" [stack: 0x0000007588700000,0x0000007588800000] [id=14468]
  0x00000182ebe211c0 GCTaskThread "GC Thread#6" [stack: 0x0000007588800000,0x0000007588900000] [id=12952]
  0x00000182ebe227c0 GCTaskThread "GC Thread#7" [stack: 0x0000007588900000,0x0000007588a00000] [id=7832]
  0x00000182aa8c8960 ConcurrentGCThread "G1 Main Marker" [stack: 0x0000007586400000,0x0000007586500000] [id=3600]
  0x00000182aa8c9c90 ConcurrentGCThread "G1 Conc#0" [stack: 0x0000007586500000,0x0000007586600000] [id=15748]
  0x00000182ebe22a80 ConcurrentGCThread "G1 Conc#1" [stack: 0x0000007588c00000,0x0000007588d00000] [id=14088]
  0x00000182c8de5eb0 ConcurrentGCThread "G1 Refine#0" [stack: 0x0000007586600000,0x0000007586700000] [id=6228]
  0x00000182c8de6690 ConcurrentGCThread "G1 Service" [stack: 0x0000007586700000,0x0000007586800000] [id=7276]

Threads with active compile tasks:
C2 CompilerThread0   642687 42421       4       java.util.TreeMap::fixAfterDeletion (351 bytes)
C2 CompilerThread1   642687 42415       4       org.gradle.internal.properties.annotations.AbstractTypeMetadataWalker::walkNested (154 bytes)

VM state: not at safepoint (normal execution)

VM Mutex/Monitor currently owned by a thread: None

Heap address: 0x0000000080000000, size: 2048 MB, Compressed Oops mode: 32-bit

CDS archive(s) mapped at: [0x00000182ca000000-0x00000182cabd0000-0x00000182cabd0000), size 12386304, SharedBaseAddress: 0x00000182ca000000, ArchiveRelocationMode: 1.
Compressed class space mapped at: 0x00000182cb000000-0x00000182e5000000, reserved size: 436207616
Narrow klass base: 0x00000182ca000000, Narrow klass shift: 0, Narrow klass range: 0x100000000

GC Precious Log:
 CPUs: 8 total, 8 available
 Memory: 7975M
 Large Page Support: Disabled
 NUMA Support: Disabled
 Compressed Oops: Enabled (32-bit)
 Heap Region Size: 1M
 Heap Min Capacity: 8M
 Heap Initial Capacity: 126M
 Heap Max Capacity: 2G
 Pre-touch: Disabled
 Parallel Workers: 8
 Concurrent Workers: 2
 Concurrent Refinement Workers: 8
 Periodic GC: Disabled

Heap:
 garbage-first heap   total 724992K, used 511028K [0x0000000080000000, 0x0000000100000000)
  region size 1024K, 144 young (147456K), 34 survivors (34816K)
 Metaspace       used 184467K, committed 187392K, reserved 622592K
  class space    used 24191K, committed 25536K, reserved 425984K

Heap Regions: E=young(eden), S=young(survivor), O=old, HS=humongous(starts), HC=humongous(continues), CS=collection set, F=free, OA=open archive, CA=closed archive, TAMS=top-at-mark-start (previous, next)
|   0|0x0000000080000000, 0x0000000080100000, 0x0000000080100000|100%| O|  |TAMS 0x0000000080100000, 0x0000000080000000| Untracked 
|   1|0x0000000080100000, 0x0000000080200000, 0x0000000080200000|100%| O|  |TAMS 0x0000000080200000, 0x0000000080100000| Untracked 
|   2|0x0000000080200000, 0x0000000080300000, 0x0000000080300000|100%|HS|  |TAMS 0x0000000080300000, 0x0000000080200000| Complete 
|   3|0x0000000080300000, 0x0000000080400000, 0x0000000080400000|100%|HC|  |TAMS 0x0000000080400000, 0x0000000080300000| Complete 
|   4|0x0000000080400000, 0x0000000080500000, 0x0000000080500000|100%|HC|  |TAMS 0x0000000080500000, 0x0000000080400000| Complete 
|   5|0x0000000080500000, 0x0000000080600000, 0x0000000080600000|100%|HS|  |TAMS 0x0000000080600000, 0x0000000080500000| Complete 
|   6|0x0000000080600000, 0x0000000080700000, 0x0000000080700000|100%| O|  |TAMS 0x0000000080700000, 0x0000000080600000| Untracked 
|   7|0x0000000080700000, 0x0000000080800000, 0x0000000080800000|100%| O|  |TAMS 0x0000000080800000, 0x0000000080700000| Untracked 
|   8|0x0000000080800000, 0x0000000080900000, 0x0000000080900000|100%|HS|  |TAMS 0x0000000080900000, 0x0000000080800000| Complete 
|   9|0x0000000080900000, 0x0000000080a00000, 0x0000000080a00000|100%| O|  |TAMS 0x0000000080a00000, 0x0000000080900000| Untracked 
|  10|0x0000000080a00000, 0x0000000080b00000, 0x0000000080b00000|100%| O|  |TAMS 0x0000000080b00000, 0x0000000080a00000| Untracked 
|  11|0x0000000080b00000, 0x0000000080c00000, 0x0000000080c00000|100%| O|  |TAMS 0x0000000080c00000, 0x0000000080b00000| Untracked 
|  12|0x0000000080c00000, 0x0000000080d00000, 0x0000000080d00000|100%| O|  |TAMS 0x0000000080d00000, 0x0000000080c00000| Untracked 
|  13|0x0000000080d00000, 0x0000000080e00000, 0x0000000080e00000|100%| O|  |TAMS 0x0000000080e00000, 0x0000000080d00000| Untracked 
|  14|0x0000000080e00000, 0x0000000080f00000, 0x0000000080f00000|100%| O|  |TAMS 0x0000000080f00000, 0x0000000080e00000| Untracked 
|  15|0x0000000080f00000, 0x0000000081000000, 0x0000000081000000|100%| O|  |TAMS 0x0000000081000000, 0x0000000080f00000| Untracked 
|  16|0x0000000081000000, 0x0000000081100000, 0x0000000081100000|100%| O|  |TAMS 0x0000000081100000, 0x0000000081000000| Untracked 
|  17|0x0000000081100000, 0x0000000081200000, 0x0000000081200000|100%| O|  |TAMS 0x0000000081200000, 0x0000000081100000| Untracked 
|  18|0x0000000081200000, 0x0000000081300000, 0x0000000081300000|100%| O|  |TAMS 0x0000000081300000, 0x0000000081200000| Untracked 
|  19|0x0000000081300000, 0x0000000081400000, 0x0000000081400000|100%| O|  |TAMS 0x0000000081400000, 0x0000000081300000| Untracked 
|  20|0x0000000081400000, 0x0000000081500000, 0x0000000081500000|100%| O|  |TAMS 0x0000000081500000, 0x0000000081400000| Untracked 
|  21|0x0000000081500000, 0x00000000815c2600, 0x0000000081600000| 75%| O|  |TAMS 0x00000000815c2600, 0x0000000081500000| Untracked 
|  22|0x0000000081600000, 0x0000000081700000, 0x0000000081700000|100%| O|  |TAMS 0x0000000081700000, 0x0000000081600000| Untracked 
|  23|0x0000000081700000, 0x0000000081800000, 0x0000000081800000|100%| O|  |TAMS 0x0000000081800000, 0x0000000081700000| Untracked 
|  24|0x0000000081800000, 0x0000000081900000, 0x0000000081900000|100%| O|  |TAMS 0x0000000081900000, 0x0000000081800000| Untracked 
|  25|0x0000000081900000, 0x0000000081a00000, 0x0000000081a00000|100%| O|  |TAMS 0x0000000081a00000, 0x0000000081900000| Untracked 
|  26|0x0000000081a00000, 0x0000000081b00000, 0x0000000081b00000|100%| O|  |TAMS 0x0000000081b00000, 0x0000000081a00000| Untracked 
|  27|0x0000000081b00000, 0x0000000081c00000, 0x0000000081c00000|100%| O|  |TAMS 0x0000000081c00000, 0x0000000081b00000| Untracked 
|  28|0x0000000081c00000, 0x0000000081d00000, 0x0000000081d00000|100%| O|  |TAMS 0x0000000081d00000, 0x0000000081c00000| Untracked 
|  29|0x0000000081d00000, 0x0000000081e00000, 0x0000000081e00000|100%| O|  |TAMS 0x0000000081e00000, 0x0000000081d00000| Untracked 
|  30|0x0000000081e00000, 0x0000000081f00000, 0x0000000081f00000|100%| O|  |TAMS 0x0000000081f00000, 0x0000000081e00000| Untracked 
|  31|0x0000000081f00000, 0x0000000082000000, 0x0000000082000000|100%| O|  |TAMS 0x0000000082000000, 0x0000000081f00000| Untracked 
|  32|0x0000000082000000, 0x0000000082100000, 0x0000000082100000|100%|HS|  |TAMS 0x0000000082100000, 0x0000000082000000| Complete 
|  33|0x0000000082100000, 0x0000000082200000, 0x0000000082200000|100%|HC|  |TAMS 0x0000000082200000, 0x0000000082100000| Complete 
|  34|0x0000000082200000, 0x0000000082300000, 0x0000000082300000|100%| O|  |TAMS 0x0000000082200000, 0x0000000082200000| Untracked 
|  35|0x0000000082300000, 0x0000000082400000, 0x0000000082400000|100%| O|  |TAMS 0x0000000082400000, 0x0000000082300000| Untracked 
|  36|0x0000000082400000, 0x0000000082500000, 0x0000000082500000|100%| O|  |TAMS 0x0000000082500000, 0x0000000082400000| Untracked 
|  37|0x0000000082500000, 0x0000000082600000, 0x0000000082600000|100%| O|  |TAMS 0x0000000082600000, 0x0000000082500000| Untracked 
|  38|0x0000000082600000, 0x0000000082700000, 0x0000000082700000|100%| O|  |TAMS 0x0000000082700000, 0x0000000082600000| Untracked 
|  39|0x0000000082700000, 0x0000000082800000, 0x0000000082800000|100%| O|  |TAMS 0x0000000082800000, 0x0000000082700000| Untracked 
|  40|0x0000000082800000, 0x0000000082900000, 0x0000000082900000|100%|HS|  |TAMS 0x0000000082900000, 0x0000000082800000| Complete 
|  41|0x0000000082900000, 0x0000000082a00000, 0x0000000082a00000|100%|HC|  |TAMS 0x0000000082a00000, 0x0000000082900000| Complete 
|  42|0x0000000082a00000, 0x0000000082b00000, 0x0000000082b00000|100%|HC|  |TAMS 0x0000000082b00000, 0x0000000082a00000| Complete 
|  43|0x0000000082b00000, 0x0000000082c00000, 0x0000000082c00000|100%|HS|  |TAMS 0x0000000082c00000, 0x0000000082b00000| Complete 
|  44|0x0000000082c00000, 0x0000000082d00000, 0x0000000082d00000|100%|HC|  |TAMS 0x0000000082d00000, 0x0000000082c00000| Complete 
|  45|0x0000000082d00000, 0x0000000082e00000, 0x0000000082e00000|100%| O|  |TAMS 0x0000000082e00000, 0x0000000082d00000| Untracked 
|  46|0x0000000082e00000, 0x0000000082f00000, 0x0000000082f00000|100%| O|  |TAMS 0x0000000082f00000, 0x0000000082e00000| Untracked 
|  47|0x0000000082f00000, 0x0000000083000000, 0x0000000083000000|100%| O|  |TAMS 0x0000000083000000, 0x0000000082f00000| Untracked 
|  48|0x0000000083000000, 0x0000000083100000, 0x0000000083100000|100%| O|  |TAMS 0x0000000083100000, 0x0000000083000000| Untracked 
|  49|0x0000000083100000, 0x0000000083200000, 0x0000000083200000|100%| O|  |TAMS 0x0000000083200000, 0x0000000083100000| Untracked 
|  50|0x0000000083200000, 0x0000000083300000, 0x0000000083300000|100%| O|  |TAMS 0x0000000083300000, 0x0000000083200000| Untracked 
|  51|0x0000000083300000, 0x0000000083400000, 0x0000000083400000|100%|HS|  |TAMS 0x0000000083400000, 0x0000000083300000| Complete 
|  52|0x0000000083400000, 0x0000000083500000, 0x0000000083500000|100%|HC|  |TAMS 0x0000000083500000, 0x0000000083400000| Complete 
|  53|0x0000000083500000, 0x0000000083600000, 0x0000000083600000|100%|HC|  |TAMS 0x0000000083600000, 0x0000000083500000| Complete 
|  54|0x0000000083600000, 0x0000000083700000, 0x0000000083700000|100%| O|  |TAMS 0x0000000083700000, 0x0000000083600000| Untracked 
|  55|0x0000000083700000, 0x0000000083800000, 0x0000000083800000|100%| O|  |TAMS 0x0000000083800000, 0x0000000083700000| Untracked 
|  56|0x0000000083800000, 0x0000000083900000, 0x0000000083900000|100%| O|  |TAMS 0x0000000083900000, 0x0000000083800000| Untracked 
|  57|0x0000000083900000, 0x0000000083a00000, 0x0000000083a00000|100%| O|  |TAMS 0x0000000083a00000, 0x0000000083900000| Untracked 
|  58|0x0000000083a00000, 0x0000000083b00000, 0x0000000083b00000|100%| O|  |TAMS 0x0000000083b00000, 0x0000000083a00000| Untracked 
|  59|0x0000000083b00000, 0x0000000083c00000, 0x0000000083c00000|100%| O|  |TAMS 0x0000000083b00000, 0x0000000083b00000| Untracked 
|  60|0x0000000083c00000, 0x0000000083d00000, 0x0000000083d00000|100%| O|  |TAMS 0x0000000083d00000, 0x0000000083c00000| Untracked 
|  61|0x0000000083d00000, 0x0000000083e00000, 0x0000000083e00000|100%| O|  |TAMS 0x0000000083e00000, 0x0000000083d00000| Untracked 
|  62|0x0000000083e00000, 0x0000000083f00000, 0x0000000083f00000|100%| O|  |TAMS 0x0000000083f00000, 0x0000000083e00000| Untracked 
|  63|0x0000000083f00000, 0x0000000084000000, 0x0000000084000000|100%| O|  |TAMS 0x0000000084000000, 0x0000000083f00000| Untracked 
|  64|0x0000000084000000, 0x0000000084100000, 0x0000000084100000|100%| O|  |TAMS 0x0000000084100000, 0x0000000084000000| Untracked 
|  65|0x0000000084100000, 0x0000000084200000, 0x0000000084200000|100%| O|  |TAMS 0x0000000084200000, 0x0000000084100000| Untracked 
|  66|0x0000000084200000, 0x0000000084300000, 0x0000000084300000|100%| O|  |TAMS 0x0000000084300000, 0x0000000084200000| Untracked 
|  67|0x0000000084300000, 0x0000000084400000, 0x0000000084400000|100%| O|  |TAMS 0x0000000084400000, 0x0000000084300000| Untracked 
|  68|0x0000000084400000, 0x0000000084500000, 0x0000000084500000|100%| O|  |TAMS 0x0000000084400000, 0x0000000084400000| Untracked 
|  69|0x0000000084500000, 0x0000000084600000, 0x0000000084600000|100%|HS|  |TAMS 0x0000000084600000, 0x0000000084500000| Complete 
|  70|0x0000000084600000, 0x0000000084700000, 0x0000000084700000|100%| O|  |TAMS 0x0000000084700000, 0x0000000084600000| Untracked 
|  71|0x0000000084700000, 0x0000000084800000, 0x0000000084800000|100%| O|  |TAMS 0x0000000084700000, 0x0000000084700000| Untracked 
|  72|0x0000000084800000, 0x0000000084900000, 0x0000000084900000|100%| O|  |TAMS 0x0000000084900000, 0x0000000084800000| Untracked 
|  73|0x0000000084900000, 0x0000000084a00000, 0x0000000084a00000|100%| O|  |TAMS 0x0000000084a00000, 0x0000000084900000| Untracked 
|  74|0x0000000084a00000, 0x0000000084b00000, 0x0000000084b00000|100%| O|  |TAMS 0x0000000084b00000, 0x0000000084a00000| Untracked 
|  75|0x0000000084b00000, 0x0000000084c00000, 0x0000000084c00000|100%| O|  |TAMS 0x0000000084c00000, 0x0000000084b00000| Untracked 
|  76|0x0000000084c00000, 0x0000000084d00000, 0x0000000084d00000|100%|HS|  |TAMS 0x0000000084d00000, 0x0000000084c00000| Complete 
|  77|0x0000000084d00000, 0x0000000084e00000, 0x0000000084e00000|100%|HS|  |TAMS 0x0000000084e00000, 0x0000000084d00000| Complete 
|  78|0x0000000084e00000, 0x0000000084f00000, 0x0000000084f00000|100%|HS|  |TAMS 0x0000000084f00000, 0x0000000084e00000| Complete 
|  79|0x0000000084f00000, 0x0000000085000000, 0x0000000085000000|100%| O|  |TAMS 0x0000000085000000, 0x0000000084f00000| Untracked 
|  80|0x0000000085000000, 0x0000000085100000, 0x0000000085100000|100%|HS|  |TAMS 0x0000000085100000, 0x0000000085000000| Complete 
|  81|0x0000000085100000, 0x0000000085200000, 0x0000000085200000|100%| O|  |TAMS 0x0000000085200000, 0x0000000085100000| Untracked 
|  82|0x0000000085200000, 0x0000000085300000, 0x0000000085300000|100%| O|  |TAMS 0x0000000085300000, 0x0000000085200000| Untracked 
|  83|0x0000000085300000, 0x0000000085400000, 0x0000000085400000|100%| O|  |TAMS 0x0000000085400000, 0x0000000085300000| Untracked 
|  84|0x0000000085400000, 0x0000000085500000, 0x0000000085500000|100%| O|  |TAMS 0x0000000085500000, 0x0000000085400000| Untracked 
|  85|0x0000000085500000, 0x0000000085600000, 0x0000000085600000|100%| O|  |TAMS 0x0000000085600000, 0x0000000085500000| Untracked 
|  86|0x0000000085600000, 0x0000000085700000, 0x0000000085700000|100%| O|  |TAMS 0x0000000085700000, 0x0000000085600000| Untracked 
|  87|0x0000000085700000, 0x0000000085800000, 0x0000000085800000|100%| O|  |TAMS 0x0000000085800000, 0x0000000085700000| Untracked 
|  88|0x0000000085800000, 0x0000000085900000, 0x0000000085900000|100%| O|  |TAMS 0x0000000085900000, 0x0000000085800000| Untracked 
|  89|0x0000000085900000, 0x0000000085a00000, 0x0000000085a00000|100%| O|  |TAMS 0x0000000085a00000, 0x0000000085900000| Untracked 
|  90|0x0000000085a00000, 0x0000000085b00000, 0x0000000085b00000|100%|HS|  |TAMS 0x0000000085b00000, 0x0000000085a00000| Complete 
|  91|0x0000000085b00000, 0x0000000085c00000, 0x0000000085c00000|100%|HC|  |TAMS 0x0000000085c00000, 0x0000000085b00000| Complete 
|  92|0x0000000085c00000, 0x0000000085d00000, 0x0000000085d00000|100%| O|  |TAMS 0x0000000085d00000, 0x0000000085c00000| Untracked 
|  93|0x0000000085d00000, 0x0000000085e00000, 0x0000000085e00000|100%|HS|  |TAMS 0x0000000085e00000, 0x0000000085d00000| Complete 
|  94|0x0000000085e00000, 0x0000000085f00000, 0x0000000085f00000|100%| O|  |TAMS 0x0000000085f00000, 0x0000000085e00000| Untracked 
|  95|0x0000000085f00000, 0x0000000086000000, 0x0000000086000000|100%| O|  |TAMS 0x0000000086000000, 0x0000000085f00000| Untracked 
|  96|0x0000000086000000, 0x0000000086100000, 0x0000000086100000|100%| O|  |TAMS 0x0000000086100000, 0x0000000086000000| Untracked 
|  97|0x0000000086100000, 0x0000000086200000, 0x0000000086200000|100%| O|  |TAMS 0x0000000086200000, 0x0000000086100000| Untracked 
|  98|0x0000000086200000, 0x0000000086300000, 0x0000000086300000|100%| O|  |TAMS 0x0000000086300000, 0x0000000086200000| Untracked 
|  99|0x0000000086300000, 0x0000000086400000, 0x0000000086400000|100%| O|  |TAMS 0x0000000086400000, 0x0000000086300000| Untracked 
| 100|0x0000000086400000, 0x0000000086500000, 0x0000000086500000|100%| O|  |TAMS 0x0000000086500000, 0x0000000086400000| Untracked 
| 101|0x0000000086500000, 0x0000000086600000, 0x0000000086600000|100%| O|  |TAMS 0x0000000086600000, 0x0000000086500000| Untracked 
| 102|0x0000000086600000, 0x0000000086700000, 0x0000000086700000|100%| O|  |TAMS 0x0000000086700000, 0x0000000086600000| Untracked 
| 103|0x0000000086700000, 0x0000000086800000, 0x0000000086800000|100%| O|  |TAMS 0x0000000086800000, 0x0000000086700000| Untracked 
| 104|0x0000000086800000, 0x0000000086900000, 0x0000000086900000|100%| O|  |TAMS 0x0000000086900000, 0x0000000086800000| Untracked 
| 105|0x0000000086900000, 0x0000000086a00000, 0x0000000086a00000|100%| O|  |TAMS 0x0000000086900000, 0x0000000086900000| Untracked 
| 106|0x0000000086a00000, 0x0000000086b00000, 0x0000000086b00000|100%| O|  |TAMS 0x0000000086b00000, 0x0000000086a00000| Untracked 
| 107|0x0000000086b00000, 0x0000000086c00000, 0x0000000086c00000|100%| O|  |TAMS 0x0000000086c00000, 0x0000000086b00000| Untracked 
| 108|0x0000000086c00000, 0x0000000086d00000, 0x0000000086d00000|100%|HS|  |TAMS 0x0000000086d00000, 0x0000000086c00000| Complete 
| 109|0x0000000086d00000, 0x0000000086e00000, 0x0000000086e00000|100%|HS|  |TAMS 0x0000000086e00000, 0x0000000086d00000| Complete 
| 110|0x0000000086e00000, 0x0000000086f00000, 0x0000000086f00000|100%|HS|  |TAMS 0x0000000086f00000, 0x0000000086e00000| Complete 
| 111|0x0000000086f00000, 0x0000000087000000, 0x0000000087000000|100%|HC|  |TAMS 0x0000000087000000, 0x0000000086f00000| Complete 
| 112|0x0000000087000000, 0x0000000087100000, 0x0000000087100000|100%| O|  |TAMS 0x0000000087100000, 0x0000000087000000| Untracked 
| 113|0x0000000087100000, 0x0000000087200000, 0x0000000087200000|100%| O|  |TAMS 0x0000000087200000, 0x0000000087100000| Untracked 
| 114|0x0000000087200000, 0x0000000087300000, 0x0000000087300000|100%| O|  |TAMS 0x0000000087300000, 0x0000000087200000| Untracked 
| 115|0x0000000087300000, 0x0000000087400000, 0x0000000087400000|100%| O|  |TAMS 0x0000000087400000, 0x0000000087300000| Untracked 
| 116|0x0000000087400000, 0x0000000087500000, 0x0000000087500000|100%| O|  |TAMS 0x0000000087500000, 0x0000000087400000| Untracked 
| 117|0x0000000087500000, 0x0000000087600000, 0x0000000087600000|100%| O|  |TAMS 0x0000000087600000, 0x0000000087500000| Untracked 
| 118|0x0000000087600000, 0x0000000087700000, 0x0000000087700000|100%| O|  |TAMS 0x0000000087700000, 0x0000000087600000| Untracked 
| 119|0x0000000087700000, 0x0000000087800000, 0x0000000087800000|100%| O|  |TAMS 0x0000000087800000, 0x0000000087700000| Untracked 
| 120|0x0000000087800000, 0x0000000087900000, 0x0000000087900000|100%| O|  |TAMS 0x0000000087800000, 0x0000000087800000| Untracked 
| 121|0x0000000087900000, 0x0000000087a00000, 0x0000000087a00000|100%| O|  |TAMS 0x0000000087900000, 0x0000000087900000| Untracked 
| 122|0x0000000087a00000, 0x0000000087b00000, 0x0000000087b00000|100%| O|  |TAMS 0x0000000087b00000, 0x0000000087a00000| Untracked 
| 123|0x0000000087b00000, 0x0000000087c00000, 0x0000000087c00000|100%| O|  |TAMS 0x0000000087b00000, 0x0000000087b00000| Untracked 
| 124|0x0000000087c00000, 0x0000000087d00000, 0x0000000087d00000|100%| O|  |TAMS 0x0000000087c00000, 0x0000000087c00000| Untracked 
| 125|0x0000000087d00000, 0x0000000087e00000, 0x0000000087e00000|100%| O|  |TAMS 0x0000000087e00000, 0x0000000087d00000| Untracked 
| 126|0x0000000087e00000, 0x0000000087f00000, 0x0000000087f00000|100%| O|  |TAMS 0x0000000087f00000, 0x0000000087e00000| Untracked 
| 127|0x0000000087f00000, 0x0000000088000000, 0x0000000088000000|100%| O|  |TAMS 0x0000000087f00000, 0x0000000087f00000| Untracked 
| 128|0x0000000088000000, 0x0000000088100000, 0x0000000088100000|100%| O|  |TAMS 0x0000000088100000, 0x0000000088000000| Untracked 
| 129|0x0000000088100000, 0x0000000088200000, 0x0000000088200000|100%| O|  |TAMS 0x0000000088100000, 0x0000000088100000| Untracked 
| 130|0x0000000088200000, 0x0000000088300000, 0x0000000088300000|100%| O|  |TAMS 0x0000000088300000, 0x0000000088200000| Untracked 
| 131|0x0000000088300000, 0x0000000088400000, 0x0000000088400000|100%| O|  |TAMS 0x0000000088400000, 0x0000000088300000| Untracked 
| 132|0x0000000088400000, 0x0000000088500000, 0x0000000088500000|100%| O|  |TAMS 0x0000000088400000, 0x0000000088400000| Untracked 
| 133|0x0000000088500000, 0x0000000088600000, 0x0000000088600000|100%| O|  |TAMS 0x0000000088600000, 0x0000000088500000| Untracked 
| 134|0x0000000088600000, 0x0000000088700000, 0x0000000088700000|100%| O|  |TAMS 0x0000000088700000, 0x0000000088600000| Untracked 
| 135|0x0000000088700000, 0x0000000088800000, 0x0000000088800000|100%| O|  |TAMS 0x0000000088800000, 0x0000000088700000| Untracked 
| 136|0x0000000088800000, 0x0000000088900000, 0x0000000088900000|100%| O|  |TAMS 0x0000000088800000, 0x0000000088800000| Untracked 
| 137|0x0000000088900000, 0x0000000088a00000, 0x0000000088a00000|100%| O|  |TAMS 0x0000000088a00000, 0x0000000088900000| Untracked 
| 138|0x0000000088a00000, 0x0000000088b00000, 0x0000000088b00000|100%|HS|  |TAMS 0x0000000088b00000, 0x0000000088a00000| Complete 
| 139|0x0000000088b00000, 0x0000000088c00000, 0x0000000088c00000|100%|HS|  |TAMS 0x0000000088c00000, 0x0000000088b00000| Complete 
| 140|0x0000000088c00000, 0x0000000088d00000, 0x0000000088d00000|100%|HS|  |TAMS 0x0000000088d00000, 0x0000000088c00000| Complete 
| 141|0x0000000088d00000, 0x0000000088e00000, 0x0000000088e00000|100%| O|  |TAMS 0x0000000088e00000, 0x0000000088d00000| Untracked 
| 142|0x0000000088e00000, 0x0000000088f00000, 0x0000000088f00000|100%| O|  |TAMS 0x0000000088f00000, 0x0000000088e00000| Untracked 
| 143|0x0000000088f00000, 0x0000000089000000, 0x0000000089000000|100%| O|  |TAMS 0x0000000089000000, 0x0000000088f00000| Untracked 
| 144|0x0000000089000000, 0x0000000089100000, 0x0000000089100000|100%| O|  |TAMS 0x0000000089000000, 0x0000000089000000| Untracked 
| 145|0x0000000089100000, 0x0000000089200000, 0x0000000089200000|100%| O|  |TAMS 0x0000000089100000, 0x0000000089100000| Untracked 
| 146|0x0000000089200000, 0x0000000089300000, 0x0000000089300000|100%| O|  |TAMS 0x0000000089200000, 0x0000000089200000| Untracked 
| 147|0x0000000089300000, 0x0000000089400000, 0x0000000089400000|100%| O|  |TAMS 0x0000000089400000, 0x0000000089300000| Untracked 
| 148|0x0000000089400000, 0x0000000089500000, 0x0000000089500000|100%| O|  |TAMS 0x0000000089500000, 0x0000000089400000| Untracked 
| 149|0x0000000089500000, 0x0000000089600000, 0x0000000089600000|100%| O|  |TAMS 0x0000000089600000, 0x0000000089500000| Untracked 
| 150|0x0000000089600000, 0x0000000089700000, 0x0000000089700000|100%| O|  |TAMS 0x0000000089700000, 0x0000000089600000| Untracked 
| 151|0x0000000089700000, 0x0000000089800000, 0x0000000089800000|100%| O|  |TAMS 0x0000000089800000, 0x0000000089700000| Untracked 
| 152|0x0000000089800000, 0x0000000089900000, 0x0000000089900000|100%| O|  |TAMS 0x0000000089900000, 0x0000000089800000| Untracked 
| 153|0x0000000089900000, 0x0000000089a00000, 0x0000000089a00000|100%| O|  |TAMS 0x0000000089a00000, 0x0000000089900000| Untracked 
| 154|0x0000000089a00000, 0x0000000089b00000, 0x0000000089b00000|100%| O|  |TAMS 0x0000000089b00000, 0x0000000089a00000| Untracked 
| 155|0x0000000089b00000, 0x0000000089c00000, 0x0000000089c00000|100%| O|  |TAMS 0x0000000089c00000, 0x0000000089b00000| Untracked 
| 156|0x0000000089c00000, 0x0000000089d00000, 0x0000000089d00000|100%| O|  |TAMS 0x0000000089d00000, 0x0000000089c00000| Untracked 
| 157|0x0000000089d00000, 0x0000000089e00000, 0x0000000089e00000|100%| O|  |TAMS 0x0000000089e00000, 0x0000000089d00000| Untracked 
| 158|0x0000000089e00000, 0x0000000089f00000, 0x0000000089f00000|100%|HS|  |TAMS 0x0000000089f00000, 0x0000000089e00000| Complete 
| 159|0x0000000089f00000, 0x000000008a000000, 0x000000008a000000|100%|HS|  |TAMS 0x000000008a000000, 0x0000000089f00000| Complete 
| 160|0x000000008a000000, 0x000000008a100000, 0x000000008a100000|100%|HS|  |TAMS 0x000000008a100000, 0x000000008a000000| Complete 
| 161|0x000000008a100000, 0x000000008a200000, 0x000000008a200000|100%| O|  |TAMS 0x000000008a200000, 0x000000008a100000| Untracked 
| 162|0x000000008a200000, 0x000000008a300000, 0x000000008a300000|100%| O|  |TAMS 0x000000008a200000, 0x000000008a200000| Untracked 
| 163|0x000000008a300000, 0x000000008a400000, 0x000000008a400000|100%| O|  |TAMS 0x000000008a400000, 0x000000008a300000| Untracked 
| 164|0x000000008a400000, 0x000000008a500000, 0x000000008a500000|100%| O|  |TAMS 0x000000008a500000, 0x000000008a400000| Untracked 
| 165|0x000000008a500000, 0x000000008a600000, 0x000000008a600000|100%| O|  |TAMS 0x000000008a600000, 0x000000008a500000| Untracked 
| 166|0x000000008a600000, 0x000000008a700000, 0x000000008a700000|100%| O|  |TAMS 0x000000008a700000, 0x000000008a600000| Untracked 
| 167|0x000000008a700000, 0x000000008a800000, 0x000000008a800000|100%| O|  |TAMS 0x000000008a800000, 0x000000008a700000| Untracked 
| 168|0x000000008a800000, 0x000000008a900000, 0x000000008a900000|100%| O|  |TAMS 0x000000008a900000, 0x000000008a800000| Untracked 
| 169|0x000000008a900000, 0x000000008aa00000, 0x000000008aa00000|100%| O|  |TAMS 0x000000008aa00000, 0x000000008a900000| Untracked 
| 170|0x000000008aa00000, 0x000000008ab00000, 0x000000008ab00000|100%| O|  |TAMS 0x000000008ab00000, 0x000000008aa00000| Untracked 
| 171|0x000000008ab00000, 0x000000008ac00000, 0x000000008ac00000|100%| O|  |TAMS 0x000000008ac00000, 0x000000008ab00000| Untracked 
| 172|0x000000008ac00000, 0x000000008ad00000, 0x000000008ad00000|100%| O|  |TAMS 0x000000008ac00000, 0x000000008ac00000| Untracked 
| 173|0x000000008ad00000, 0x000000008ae00000, 0x000000008ae00000|100%| O|  |TAMS 0x000000008ad00000, 0x000000008ad00000| Untracked 
| 174|0x000000008ae00000, 0x000000008af00000, 0x000000008af00000|100%| O|  |TAMS 0x000000008af00000, 0x000000008ae00000| Untracked 
| 175|0x000000008af00000, 0x000000008b000000, 0x000000008b000000|100%| O|  |TAMS 0x000000008b000000, 0x000000008af00000| Untracked 
| 176|0x000000008b000000, 0x000000008b100000, 0x000000008b100000|100%| O|  |TAMS 0x000000008b100000, 0x000000008b000000| Untracked 
| 177|0x000000008b100000, 0x000000008b200000, 0x000000008b200000|100%| O|  |TAMS 0x000000008b200000, 0x000000008b100000| Untracked 
| 178|0x000000008b200000, 0x000000008b300000, 0x000000008b300000|100%| O|  |TAMS 0x000000008b200000, 0x000000008b200000| Untracked 
| 179|0x000000008b300000, 0x000000008b400000, 0x000000008b400000|100%| O|  |TAMS 0x000000008b400000, 0x000000008b300000| Untracked 
| 180|0x000000008b400000, 0x000000008b500000, 0x000000008b500000|100%| O|  |TAMS 0x000000008b500000, 0x000000008b400000| Untracked 
| 181|0x000000008b500000, 0x000000008b600000, 0x000000008b600000|100%| O|  |TAMS 0x000000008b600000, 0x000000008b500000| Untracked 
| 182|0x000000008b600000, 0x000000008b700000, 0x000000008b700000|100%| O|  |TAMS 0x000000008b700000, 0x000000008b600000| Untracked 
| 183|0x000000008b700000, 0x000000008b800000, 0x000000008b800000|100%| O|  |TAMS 0x000000008b800000, 0x000000008b700000| Untracked 
| 184|0x000000008b800000, 0x000000008b900000, 0x000000008b900000|100%| O|  |TAMS 0x000000008b900000, 0x000000008b800000| Untracked 
| 185|0x000000008b900000, 0x000000008ba00000, 0x000000008ba00000|100%| O|  |TAMS 0x000000008ba00000, 0x000000008b900000| Untracked 
| 186|0x000000008ba00000, 0x000000008bb00000, 0x000000008bb00000|100%| O|  |TAMS 0x000000008bb00000, 0x000000008ba00000| Untracked 
| 187|0x000000008bb00000, 0x000000008bc00000, 0x000000008bc00000|100%| O|  |TAMS 0x000000008bc00000, 0x000000008bb00000| Untracked 
| 188|0x000000008bc00000, 0x000000008bd00000, 0x000000008bd00000|100%| O|  |TAMS 0x000000008bd00000, 0x000000008bc00000| Untracked 
| 189|0x000000008bd00000, 0x000000008be00000, 0x000000008be00000|100%| O|  |TAMS 0x000000008be00000, 0x000000008bd00000| Untracked 
| 190|0x000000008be00000, 0x000000008bf00000, 0x000000008bf00000|100%| O|  |TAMS 0x000000008bf00000, 0x000000008be00000| Untracked 
| 191|0x000000008bf00000, 0x000000008c000000, 0x000000008c000000|100%| O|  |TAMS 0x000000008c000000, 0x000000008bf00000| Untracked 
| 192|0x000000008c000000, 0x000000008c100000, 0x000000008c100000|100%| O|  |TAMS 0x000000008c000000, 0x000000008c000000| Untracked 
| 193|0x000000008c100000, 0x000000008c200000, 0x000000008c200000|100%| O|  |TAMS 0x000000008c100000, 0x000000008c100000| Untracked 
| 194|0x000000008c200000, 0x000000008c300000, 0x000000008c300000|100%| O|  |TAMS 0x000000008c300000, 0x000000008c200000| Untracked 
| 195|0x000000008c300000, 0x000000008c400000, 0x000000008c400000|100%| O|  |TAMS 0x000000008c400000, 0x000000008c300000| Untracked 
| 196|0x000000008c400000, 0x000000008c500000, 0x000000008c500000|100%| O|  |TAMS 0x000000008c500000, 0x000000008c400000| Untracked 
| 197|0x000000008c500000, 0x000000008c600000, 0x000000008c600000|100%| O|  |TAMS 0x000000008c600000, 0x000000008c500000| Untracked 
| 198|0x000000008c600000, 0x000000008c700000, 0x000000008c700000|100%| O|  |TAMS 0x000000008c700000, 0x000000008c600000| Untracked 
| 199|0x000000008c700000, 0x000000008c800000, 0x000000008c800000|100%| O|  |TAMS 0x000000008c800000, 0x000000008c700000| Untracked 
| 200|0x000000008c800000, 0x000000008c900000, 0x000000008c900000|100%|HS|  |TAMS 0x000000008c900000, 0x000000008c800000| Complete 
| 201|0x000000008c900000, 0x000000008ca00000, 0x000000008ca00000|100%|HS|  |TAMS 0x000000008ca00000, 0x000000008c900000| Complete 
| 202|0x000000008ca00000, 0x000000008cb00000, 0x000000008cb00000|100%| O|  |TAMS 0x000000008cb00000, 0x000000008ca00000| Untracked 
| 203|0x000000008cb00000, 0x000000008cc00000, 0x000000008cc00000|100%| O|  |TAMS 0x000000008cc00000, 0x000000008cb00000| Untracked 
| 204|0x000000008cc00000, 0x000000008cd00000, 0x000000008cd00000|100%| O|  |TAMS 0x000000008cc00000, 0x000000008cc00000| Untracked 
| 205|0x000000008cd00000, 0x000000008ce00000, 0x000000008ce00000|100%| O|  |TAMS 0x000000008ce00000, 0x000000008cd00000| Untracked 
| 206|0x000000008ce00000, 0x000000008cf00000, 0x000000008cf00000|100%| O|  |TAMS 0x000000008cf00000, 0x000000008ce00000| Untracked 
| 207|0x000000008cf00000, 0x000000008d000000, 0x000000008d000000|100%| O|  |TAMS 0x000000008cf00000, 0x000000008cf00000| Untracked 
| 208|0x000000008d000000, 0x000000008d100000, 0x000000008d100000|100%| O|  |TAMS 0x000000008d100000, 0x000000008d000000| Untracked 
| 209|0x000000008d100000, 0x000000008d200000, 0x000000008d200000|100%| O|  |TAMS 0x000000008d100000, 0x000000008d100000| Untracked 
| 210|0x000000008d200000, 0x000000008d300000, 0x000000008d300000|100%| O|  |TAMS 0x000000008d300000, 0x000000008d200000| Untracked 
| 211|0x000000008d300000, 0x000000008d400000, 0x000000008d400000|100%| O|  |TAMS 0x000000008d300000, 0x000000008d300000| Untracked 
| 212|0x000000008d400000, 0x000000008d500000, 0x000000008d500000|100%| O|  |TAMS 0x000000008d500000, 0x000000008d400000| Untracked 
| 213|0x000000008d500000, 0x000000008d600000, 0x000000008d600000|100%| O|  |TAMS 0x000000008d500000, 0x000000008d500000| Untracked 
| 214|0x000000008d600000, 0x000000008d700000, 0x000000008d700000|100%| O|  |TAMS 0x000000008d662400, 0x000000008d600000| Untracked 
| 215|0x000000008d700000, 0x000000008d800000, 0x000000008d800000|100%|HS|  |TAMS 0x000000008d700000, 0x000000008d700000| Complete 
| 216|0x000000008d800000, 0x000000008d900000, 0x000000008d900000|100%|HC|  |TAMS 0x000000008d800000, 0x000000008d800000| Complete 
| 217|0x000000008d900000, 0x000000008da00000, 0x000000008da00000|100%| O|  |TAMS 0x000000008d900000, 0x000000008d900000| Untracked 
| 218|0x000000008da00000, 0x000000008db00000, 0x000000008db00000|100%| O|  |TAMS 0x000000008da00000, 0x000000008da00000| Untracked 
| 219|0x000000008db00000, 0x000000008dc00000, 0x000000008dc00000|100%|HS|  |TAMS 0x000000008dc00000, 0x000000008db00000| Complete 
| 220|0x000000008dc00000, 0x000000008dd00000, 0x000000008dd00000|100%|HS|  |TAMS 0x000000008dd00000, 0x000000008dc00000| Complete 
| 221|0x000000008dd00000, 0x000000008de00000, 0x000000008de00000|100%| O|  |TAMS 0x000000008dd00000, 0x000000008dd00000| Untracked 
| 222|0x000000008de00000, 0x000000008df00000, 0x000000008df00000|100%| O|  |TAMS 0x000000008de00000, 0x000000008de00000| Untracked 
| 223|0x000000008df00000, 0x000000008e000000, 0x000000008e000000|100%| O|  |TAMS 0x000000008e000000, 0x000000008df00000| Untracked 
| 224|0x000000008e000000, 0x000000008e100000, 0x000000008e100000|100%| O|  |TAMS 0x000000008e100000, 0x000000008e000000| Untracked 
| 225|0x000000008e100000, 0x000000008e200000, 0x000000008e200000|100%| O|  |TAMS 0x000000008e200000, 0x000000008e100000| Untracked 
| 226|0x000000008e200000, 0x000000008e300000, 0x000000008e300000|100%| O|  |TAMS 0x000000008e300000, 0x000000008e200000| Untracked 
| 227|0x000000008e300000, 0x000000008e400000, 0x000000008e400000|100%| O|  |TAMS 0x000000008e300000, 0x000000008e300000| Untracked 
| 228|0x000000008e400000, 0x000000008e500000, 0x000000008e500000|100%| O|  |TAMS 0x000000008e400000, 0x000000008e400000| Untracked 
| 229|0x000000008e500000, 0x000000008e600000, 0x000000008e600000|100%|HS|  |TAMS 0x000000008e500000, 0x000000008e500000| Complete 
| 230|0x000000008e600000, 0x000000008e700000, 0x000000008e700000|100%|HC|  |TAMS 0x000000008e600000, 0x000000008e600000| Complete 
| 231|0x000000008e700000, 0x000000008e800000, 0x000000008e800000|100%| O|  |TAMS 0x000000008e700000, 0x000000008e700000| Untracked 
| 232|0x000000008e800000, 0x000000008e900000, 0x000000008e900000|100%| O|  |TAMS 0x000000008e800000, 0x000000008e800000| Untracked 
| 233|0x000000008e900000, 0x000000008ea00000, 0x000000008ea00000|100%| O|  |TAMS 0x000000008e900000, 0x000000008e900000| Untracked 
| 234|0x000000008ea00000, 0x000000008eb00000, 0x000000008eb00000|100%| O|  |TAMS 0x000000008ea00000, 0x000000008ea00000| Untracked 
| 235|0x000000008eb00000, 0x000000008ec00000, 0x000000008ec00000|100%|HS|  |TAMS 0x000000008eb00000, 0x000000008eb00000| Complete 
| 236|0x000000008ec00000, 0x000000008ed00000, 0x000000008ed00000|100%| O|  |TAMS 0x000000008ec00000, 0x000000008ec00000| Untracked 
| 237|0x000000008ed00000, 0x000000008ee00000, 0x000000008ee00000|100%| O|  |TAMS 0x000000008ed00000, 0x000000008ed00000| Untracked 
| 238|0x000000008ee00000, 0x000000008ef00000, 0x000000008ef00000|100%| O|  |TAMS 0x000000008ee00000, 0x000000008ee00000| Untracked 
| 239|0x000000008ef00000, 0x000000008f000000, 0x000000008f000000|100%| O|  |TAMS 0x000000008ef00000, 0x000000008ef00000| Untracked 
| 240|0x000000008f000000, 0x000000008f100000, 0x000000008f100000|100%| O|  |TAMS 0x000000008f000000, 0x000000008f000000| Untracked 
| 241|0x000000008f100000, 0x000000008f200000, 0x000000008f200000|100%| O|  |TAMS 0x000000008f100000, 0x000000008f100000| Untracked 
| 242|0x000000008f200000, 0x000000008f300000, 0x000000008f300000|100%| O|  |TAMS 0x000000008f200000, 0x000000008f200000| Untracked 
| 243|0x000000008f300000, 0x000000008f400000, 0x000000008f400000|100%| O|  |TAMS 0x000000008f400000, 0x000000008f300000| Untracked 
| 244|0x000000008f400000, 0x000000008f500000, 0x000000008f500000|100%| O|  |TAMS 0x000000008f500000, 0x000000008f400000| Untracked 
| 245|0x000000008f500000, 0x000000008f600000, 0x000000008f600000|100%| O|  |TAMS 0x000000008f500000, 0x000000008f500000| Untracked 
| 246|0x000000008f600000, 0x000000008f700000, 0x000000008f700000|100%| O|  |TAMS 0x000000008f600000, 0x000000008f600000| Untracked 
| 247|0x000000008f700000, 0x000000008f800000, 0x000000008f800000|100%| O|  |TAMS 0x000000008f700000, 0x000000008f700000| Untracked 
| 248|0x000000008f800000, 0x000000008f900000, 0x000000008f900000|100%| O|  |TAMS 0x000000008f900000, 0x000000008f800000| Untracked 
| 249|0x000000008f900000, 0x000000008fa00000, 0x000000008fa00000|100%| O|  |TAMS 0x000000008fa00000, 0x000000008f900000| Untracked 
| 250|0x000000008fa00000, 0x000000008fb00000, 0x000000008fb00000|100%| O|  |TAMS 0x000000008fb00000, 0x000000008fa00000| Untracked 
| 251|0x000000008fb00000, 0x000000008fc00000, 0x000000008fc00000|100%| O|  |TAMS 0x000000008fc00000, 0x000000008fb00000| Untracked 
| 252|0x000000008fc00000, 0x000000008fd00000, 0x000000008fd00000|100%| O|  |TAMS 0x000000008fd00000, 0x000000008fc00000| Untracked 
| 253|0x000000008fd00000, 0x000000008fe00000, 0x000000008fe00000|100%| O|  |TAMS 0x000000008fe00000, 0x000000008fd00000| Untracked 
| 254|0x000000008fe00000, 0x000000008ff00000, 0x000000008ff00000|100%| O|  |TAMS 0x000000008fe00000, 0x000000008fe00000| Untracked 
| 255|0x000000008ff00000, 0x0000000090000000, 0x0000000090000000|100%| O|  |TAMS 0x0000000090000000, 0x000000008ff00000| Untracked 
| 256|0x0000000090000000, 0x0000000090100000, 0x0000000090100000|100%| O|  |TAMS 0x0000000090100000, 0x0000000090000000| Untracked 
| 257|0x0000000090100000, 0x0000000090200000, 0x0000000090200000|100%| O|  |TAMS 0x0000000090200000, 0x0000000090100000| Untracked 
| 258|0x0000000090200000, 0x0000000090300000, 0x0000000090300000|100%| O|  |TAMS 0x0000000090300000, 0x0000000090200000| Untracked 
| 259|0x0000000090300000, 0x0000000090400000, 0x0000000090400000|100%| O|  |TAMS 0x0000000090300000, 0x0000000090300000| Untracked 
| 260|0x0000000090400000, 0x0000000090500000, 0x0000000090500000|100%| O|  |TAMS 0x0000000090400000, 0x0000000090400000| Untracked 
| 261|0x0000000090500000, 0x0000000090600000, 0x0000000090600000|100%| O|  |TAMS 0x0000000090500000, 0x0000000090500000| Untracked 
| 262|0x0000000090600000, 0x0000000090700000, 0x0000000090700000|100%| O|  |TAMS 0x0000000090700000, 0x0000000090600000| Untracked 
| 263|0x0000000090700000, 0x0000000090800000, 0x0000000090800000|100%| O|  |TAMS 0x0000000090800000, 0x0000000090700000| Untracked 
| 264|0x0000000090800000, 0x0000000090900000, 0x0000000090900000|100%| O|  |TAMS 0x0000000090900000, 0x0000000090800000| Untracked 
| 265|0x0000000090900000, 0x0000000090a00000, 0x0000000090a00000|100%| O|  |TAMS 0x0000000090a00000, 0x0000000090900000| Untracked 
| 266|0x0000000090a00000, 0x0000000090b00000, 0x0000000090b00000|100%| O|  |TAMS 0x0000000090b00000, 0x0000000090a00000| Untracked 
| 267|0x0000000090b00000, 0x0000000090c00000, 0x0000000090c00000|100%| O|  |TAMS 0x0000000090c00000, 0x0000000090b00000| Untracked 
| 268|0x0000000090c00000, 0x0000000090d00000, 0x0000000090d00000|100%| O|  |TAMS 0x0000000090d00000, 0x0000000090c00000| Untracked 
| 269|0x0000000090d00000, 0x0000000090e00000, 0x0000000090e00000|100%| O|  |TAMS 0x0000000090e00000, 0x0000000090d00000| Untracked 
| 270|0x0000000090e00000, 0x0000000090f00000, 0x0000000090f00000|100%| O|  |TAMS 0x0000000090f00000, 0x0000000090e00000| Untracked 
| 271|0x0000000090f00000, 0x0000000091000000, 0x0000000091000000|100%| O|  |TAMS 0x0000000090f00000, 0x0000000090f00000| Untracked 
| 272|0x0000000091000000, 0x0000000091100000, 0x0000000091100000|100%| O|  |TAMS 0x0000000091100000, 0x0000000091000000| Untracked 
| 273|0x0000000091100000, 0x0000000091200000, 0x0000000091200000|100%| O|  |TAMS 0x0000000091200000, 0x0000000091100000| Untracked 
| 274|0x0000000091200000, 0x0000000091300000, 0x0000000091300000|100%| O|  |TAMS 0x0000000091300000, 0x0000000091200000| Untracked 
| 275|0x0000000091300000, 0x0000000091400000, 0x0000000091400000|100%| O|  |TAMS 0x0000000091400000, 0x0000000091300000| Untracked 
| 276|0x0000000091400000, 0x0000000091500000, 0x0000000091500000|100%| O|  |TAMS 0x0000000091500000, 0x0000000091400000| Untracked 
| 277|0x0000000091500000, 0x0000000091600000, 0x0000000091600000|100%| O|  |TAMS 0x0000000091600000, 0x0000000091500000| Untracked 
| 278|0x0000000091600000, 0x0000000091700000, 0x0000000091700000|100%| O|  |TAMS 0x0000000091700000, 0x0000000091600000| Untracked 
| 279|0x0000000091700000, 0x0000000091800000, 0x0000000091800000|100%| O|  |TAMS 0x0000000091800000, 0x0000000091700000| Untracked 
| 280|0x0000000091800000, 0x0000000091900000, 0x0000000091900000|100%| O|  |TAMS 0x0000000091900000, 0x0000000091800000| Untracked 
| 281|0x0000000091900000, 0x0000000091a00000, 0x0000000091a00000|100%| O|  |TAMS 0x0000000091a00000, 0x0000000091900000| Untracked 
| 282|0x0000000091a00000, 0x0000000091b00000, 0x0000000091b00000|100%| O|  |TAMS 0x0000000091b00000, 0x0000000091a00000| Untracked 
| 283|0x0000000091b00000, 0x0000000091c00000, 0x0000000091c00000|100%| O|  |TAMS 0x0000000091c00000, 0x0000000091b00000| Untracked 
| 284|0x0000000091c00000, 0x0000000091d00000, 0x0000000091d00000|100%| O|  |TAMS 0x0000000091d00000, 0x0000000091c00000| Untracked 
| 285|0x0000000091d00000, 0x0000000091e00000, 0x0000000091e00000|100%| O|  |TAMS 0x0000000091e00000, 0x0000000091d00000| Untracked 
| 286|0x0000000091e00000, 0x0000000091f00000, 0x0000000091f00000|100%| O|  |TAMS 0x0000000091f00000, 0x0000000091e00000| Untracked 
| 287|0x0000000091f00000, 0x0000000092000000, 0x0000000092000000|100%| O|  |TAMS 0x0000000092000000, 0x0000000091f00000| Untracked 
| 288|0x0000000092000000, 0x0000000092100000, 0x0000000092100000|100%| O|  |TAMS 0x0000000092100000, 0x0000000092000000| Untracked 
| 289|0x0000000092100000, 0x0000000092200000, 0x0000000092200000|100%| O|  |TAMS 0x0000000092200000, 0x0000000092100000| Untracked 
| 290|0x0000000092200000, 0x0000000092300000, 0x0000000092300000|100%| O|  |TAMS 0x0000000092300000, 0x0000000092200000| Untracked 
| 291|0x0000000092300000, 0x0000000092400000, 0x0000000092400000|100%| O|  |TAMS 0x0000000092400000, 0x0000000092300000| Untracked 
| 292|0x0000000092400000, 0x0000000092500000, 0x0000000092500000|100%| O|  |TAMS 0x0000000092500000, 0x0000000092400000| Untracked 
| 293|0x0000000092500000, 0x0000000092600000, 0x0000000092600000|100%| O|  |TAMS 0x0000000092600000, 0x0000000092500000| Untracked 
| 294|0x0000000092600000, 0x0000000092700000, 0x0000000092700000|100%| O|  |TAMS 0x0000000092600000, 0x0000000092600000| Untracked 
| 295|0x0000000092700000, 0x0000000092800000, 0x0000000092800000|100%| O|  |TAMS 0x0000000092800000, 0x0000000092700000| Untracked 
| 296|0x0000000092800000, 0x0000000092900000, 0x0000000092900000|100%| O|  |TAMS 0x0000000092900000, 0x0000000092800000| Untracked 
| 297|0x0000000092900000, 0x0000000092a00000, 0x0000000092a00000|100%| O|  |TAMS 0x0000000092a00000, 0x0000000092900000| Untracked 
| 298|0x0000000092a00000, 0x0000000092b00000, 0x0000000092b00000|100%| O|  |TAMS 0x0000000092b00000, 0x0000000092a00000| Untracked 
| 299|0x0000000092b00000, 0x0000000092c00000, 0x0000000092c00000|100%| O|  |TAMS 0x0000000092c00000, 0x0000000092b00000| Untracked 
| 300|0x0000000092c00000, 0x0000000092d00000, 0x0000000092d00000|100%| O|  |TAMS 0x0000000092d00000, 0x0000000092c00000| Untracked 
| 301|0x0000000092d00000, 0x0000000092e00000, 0x0000000092e00000|100%| O|  |TAMS 0x0000000092e00000, 0x0000000092d00000| Untracked 
| 302|0x0000000092e00000, 0x0000000092f00000, 0x0000000092f00000|100%| O|  |TAMS 0x0000000092f00000, 0x0000000092e00000| Untracked 
| 303|0x0000000092f00000, 0x0000000093000000, 0x0000000093000000|100%| O|  |TAMS 0x0000000093000000, 0x0000000092f00000| Untracked 
| 304|0x0000000093000000, 0x0000000093100000, 0x0000000093100000|100%| O|  |TAMS 0x0000000093100000, 0x0000000093000000| Untracked 
| 305|0x0000000093100000, 0x0000000093200000, 0x0000000093200000|100%| O|  |TAMS 0x0000000093200000, 0x0000000093100000| Untracked 
| 306|0x0000000093200000, 0x0000000093300000, 0x0000000093300000|100%| O|  |TAMS 0x0000000093300000, 0x0000000093200000| Untracked 
| 307|0x0000000093300000, 0x0000000093400000, 0x0000000093400000|100%| O|  |TAMS 0x0000000093400000, 0x0000000093300000| Untracked 
| 308|0x0000000093400000, 0x0000000093500000, 0x0000000093500000|100%| O|  |TAMS 0x0000000093400000, 0x0000000093400000| Untracked 
| 309|0x0000000093500000, 0x0000000093600000, 0x0000000093600000|100%| O|  |TAMS 0x0000000093600000, 0x0000000093500000| Untracked 
| 310|0x0000000093600000, 0x0000000093700000, 0x0000000093700000|100%| O|  |TAMS 0x0000000093700000, 0x0000000093600000| Untracked 
| 311|0x0000000093700000, 0x0000000093800000, 0x0000000093800000|100%| O|  |TAMS 0x0000000093800000, 0x0000000093700000| Untracked 
| 312|0x0000000093800000, 0x0000000093900000, 0x0000000093900000|100%| O|  |TAMS 0x0000000093900000, 0x0000000093800000| Untracked 
| 313|0x0000000093900000, 0x0000000093a00000, 0x0000000093a00000|100%| O|  |TAMS 0x0000000093a00000, 0x0000000093900000| Untracked 
| 314|0x0000000093a00000, 0x0000000093b00000, 0x0000000093b00000|100%| O|  |TAMS 0x0000000093b00000, 0x0000000093a00000| Untracked 
| 315|0x0000000093b00000, 0x0000000093c00000, 0x0000000093c00000|100%| O|  |TAMS 0x0000000093c00000, 0x0000000093b00000| Untracked 
| 316|0x0000000093c00000, 0x0000000093d00000, 0x0000000093d00000|100%| O|  |TAMS 0x0000000093d00000, 0x0000000093c00000| Untracked 
| 317|0x0000000093d00000, 0x0000000093e00000, 0x0000000093e00000|100%| O|  |TAMS 0x0000000093e00000, 0x0000000093d00000| Untracked 
| 318|0x0000000093e00000, 0x0000000093f00000, 0x0000000093f00000|100%| O|  |TAMS 0x0000000093f00000, 0x0000000093e00000| Untracked 
| 319|0x0000000093f00000, 0x0000000094000000, 0x0000000094000000|100%| O|  |TAMS 0x0000000094000000, 0x0000000093f00000| Untracked 
| 320|0x0000000094000000, 0x0000000094100000, 0x0000000094100000|100%| O|  |TAMS 0x0000000094100000, 0x0000000094000000| Untracked 
| 321|0x0000000094100000, 0x0000000094200000, 0x0000000094200000|100%| O|  |TAMS 0x0000000094100000, 0x0000000094100000| Untracked 
| 322|0x0000000094200000, 0x0000000094300000, 0x0000000094300000|100%| O|  |TAMS 0x0000000094200000, 0x0000000094200000| Untracked 
| 323|0x0000000094300000, 0x0000000094400000, 0x0000000094400000|100%| O|  |TAMS 0x0000000094400000, 0x0000000094300000| Untracked 
| 324|0x0000000094400000, 0x0000000094500000, 0x0000000094500000|100%| O|  |TAMS 0x0000000094500000, 0x0000000094400000| Untracked 
| 325|0x0000000094500000, 0x0000000094600000, 0x0000000094600000|100%| O|  |TAMS 0x0000000094600000, 0x0000000094500000| Untracked 
| 326|0x0000000094600000, 0x0000000094700000, 0x0000000094700000|100%| O|  |TAMS 0x0000000094600000, 0x0000000094600000| Untracked 
| 327|0x0000000094700000, 0x0000000094800000, 0x0000000094800000|100%| O|  |TAMS 0x0000000094800000, 0x0000000094700000| Untracked 
| 328|0x0000000094800000, 0x0000000094900000, 0x0000000094900000|100%| O|  |TAMS 0x0000000094900000, 0x0000000094800000| Untracked 
| 329|0x0000000094900000, 0x0000000094a00000, 0x0000000094a00000|100%| O|  |TAMS 0x0000000094900000, 0x0000000094900000| Untracked 
| 330|0x0000000094a00000, 0x0000000094b00000, 0x0000000094b00000|100%| O|  |TAMS 0x0000000094a00000, 0x0000000094a00000| Untracked 
| 331|0x0000000094b00000, 0x0000000094c00000, 0x0000000094c00000|100%| O|  |TAMS 0x0000000094c00000, 0x0000000094b00000| Untracked 
| 332|0x0000000094c00000, 0x0000000094d00000, 0x0000000094d00000|100%| O|  |TAMS 0x0000000094c00000, 0x0000000094c00000| Untracked 
| 333|0x0000000094d00000, 0x0000000094e00000, 0x0000000094e00000|100%| O|  |TAMS 0x0000000094e00000, 0x0000000094d00000| Untracked 
| 334|0x0000000094e00000, 0x0000000094f00000, 0x0000000094f00000|100%| O|  |TAMS 0x0000000094f00000, 0x0000000094e00000| Untracked 
| 335|0x0000000094f00000, 0x0000000095000000, 0x0000000095000000|100%| O|  |TAMS 0x0000000094f00000, 0x0000000094f00000| Untracked 
| 336|0x0000000095000000, 0x0000000095100000, 0x0000000095100000|100%| O|  |TAMS 0x0000000095100000, 0x0000000095000000| Untracked 
| 337|0x0000000095100000, 0x0000000095200000, 0x0000000095200000|100%| O|  |TAMS 0x0000000095100000, 0x0000000095100000| Untracked 
| 338|0x0000000095200000, 0x0000000095300000, 0x0000000095300000|100%| O|  |TAMS 0x0000000095300000, 0x0000000095200000| Untracked 
| 339|0x0000000095300000, 0x0000000095400000, 0x0000000095400000|100%| O|  |TAMS 0x0000000095400000, 0x0000000095300000| Untracked 
| 340|0x0000000095400000, 0x0000000095500000, 0x0000000095500000|100%| O|  |TAMS 0x0000000095500000, 0x0000000095400000| Untracked 
| 341|0x0000000095500000, 0x0000000095600000, 0x0000000095600000|100%| O|  |TAMS 0x0000000095600000, 0x0000000095500000| Untracked 
| 342|0x0000000095600000, 0x0000000095700000, 0x0000000095700000|100%| O|  |TAMS 0x0000000095600000, 0x0000000095600000| Untracked 
| 343|0x0000000095700000, 0x0000000095800000, 0x0000000095800000|100%| O|  |TAMS 0x0000000095800000, 0x0000000095700000| Untracked 
| 344|0x0000000095800000, 0x0000000095900000, 0x0000000095900000|100%| O|  |TAMS 0x0000000095800000, 0x0000000095800000| Untracked 
| 345|0x0000000095900000, 0x0000000095a00000, 0x0000000095a00000|100%| O|  |TAMS 0x0000000095a00000, 0x0000000095900000| Untracked 
| 346|0x0000000095a00000, 0x0000000095b00000, 0x0000000095b00000|100%| O|  |TAMS 0x0000000095b00000, 0x0000000095a00000| Untracked 
| 347|0x0000000095b00000, 0x0000000095b4aa00, 0x0000000095c00000| 29%| O|  |TAMS 0x0000000095b00000, 0x0000000095b00000| Untracked 
| 348|0x0000000095c00000, 0x0000000095c00000, 0x0000000095d00000|  0%| F|  |TAMS 0x0000000095c00000, 0x0000000095c00000| Untracked 
| 349|0x0000000095d00000, 0x0000000095e00000, 0x0000000095e00000|100%| O|  |TAMS 0x0000000095e00000, 0x0000000095d00000| Untracked 
| 350|0x0000000095e00000, 0x0000000095f00000, 0x0000000095f00000|100%| O|  |TAMS 0x0000000095f00000, 0x0000000095e00000| Untracked 
| 351|0x0000000095f00000, 0x0000000095f00000, 0x0000000096000000|  0%| F|  |TAMS 0x0000000095f00000, 0x0000000095f00000| Untracked 
| 352|0x0000000096000000, 0x0000000096000000, 0x0000000096100000|  0%| F|  |TAMS 0x0000000096000000, 0x0000000096000000| Untracked 
| 353|0x0000000096100000, 0x0000000096100000, 0x0000000096200000|  0%| F|  |TAMS 0x0000000096100000, 0x0000000096100000| Untracked 
| 354|0x0000000096200000, 0x0000000096200000, 0x0000000096300000|  0%| F|  |TAMS 0x0000000096200000, 0x0000000096200000| Untracked 
| 355|0x0000000096300000, 0x0000000096300000, 0x0000000096400000|  0%| F|  |TAMS 0x0000000096300000, 0x0000000096300000| Untracked 
| 356|0x0000000096400000, 0x0000000096400000, 0x0000000096500000|  0%| F|  |TAMS 0x0000000096400000, 0x0000000096400000| Untracked 
| 357|0x0000000096500000, 0x0000000096500000, 0x0000000096600000|  0%| F|  |TAMS 0x0000000096500000, 0x0000000096500000| Untracked 
| 358|0x0000000096600000, 0x0000000096600000, 0x0000000096700000|  0%| F|  |TAMS 0x0000000096600000, 0x0000000096600000| Untracked 
| 359|0x0000000096700000, 0x0000000096800000, 0x0000000096800000|100%| O|  |TAMS 0x0000000096800000, 0x0000000096700000| Untracked 
| 360|0x0000000096800000, 0x0000000096900000, 0x0000000096900000|100%| O|  |TAMS 0x0000000096900000, 0x0000000096800000| Untracked 
| 361|0x0000000096900000, 0x0000000096a00000, 0x0000000096a00000|100%| O|  |TAMS 0x0000000096a00000, 0x0000000096900000| Untracked 
| 362|0x0000000096a00000, 0x0000000096a00000, 0x0000000096b00000|  0%| F|  |TAMS 0x0000000096a00000, 0x0000000096a00000| Untracked 
| 363|0x0000000096b00000, 0x0000000096b00000, 0x0000000096c00000|  0%| F|  |TAMS 0x0000000096b00000, 0x0000000096b00000| Untracked 
| 364|0x0000000096c00000, 0x0000000096c00000, 0x0000000096d00000|  0%| F|  |TAMS 0x0000000096c00000, 0x0000000096c00000| Untracked 
| 365|0x0000000096d00000, 0x0000000096d00000, 0x0000000096e00000|  0%| F|  |TAMS 0x0000000096d00000, 0x0000000096d00000| Untracked 
| 366|0x0000000096e00000, 0x0000000096e00000, 0x0000000096f00000|  0%| F|  |TAMS 0x0000000096e00000, 0x0000000096e00000| Untracked 
| 367|0x0000000096f00000, 0x0000000097000000, 0x0000000097000000|100%| O|  |TAMS 0x0000000097000000, 0x0000000096f00000| Untracked 
| 368|0x0000000097000000, 0x0000000097100000, 0x0000000097100000|100%| O|  |TAMS 0x0000000097100000, 0x0000000097000000| Untracked 
| 369|0x0000000097100000, 0x0000000097200000, 0x0000000097200000|100%| O|  |TAMS 0x0000000097200000, 0x0000000097100000| Untracked 
| 370|0x0000000097200000, 0x0000000097300000, 0x0000000097300000|100%| O|  |TAMS 0x0000000097300000, 0x0000000097200000| Untracked 
| 371|0x0000000097300000, 0x0000000097400000, 0x0000000097400000|100%| O|  |TAMS 0x0000000097400000, 0x0000000097300000| Untracked 
| 372|0x0000000097400000, 0x0000000097400000, 0x0000000097500000|  0%| F|  |TAMS 0x0000000097400000, 0x0000000097400000| Untracked 
| 373|0x0000000097500000, 0x0000000097500000, 0x0000000097600000|  0%| F|  |TAMS 0x0000000097500000, 0x0000000097500000| Untracked 
| 374|0x0000000097600000, 0x0000000097600000, 0x0000000097700000|  0%| F|  |TAMS 0x0000000097600000, 0x0000000097600000| Untracked 
| 375|0x0000000097700000, 0x0000000097700000, 0x0000000097800000|  0%| F|  |TAMS 0x0000000097700000, 0x0000000097700000| Untracked 
| 376|0x0000000097800000, 0x0000000097800000, 0x0000000097900000|  0%| F|  |TAMS 0x0000000097800000, 0x0000000097800000| Untracked 
| 377|0x0000000097900000, 0x0000000097900000, 0x0000000097a00000|  0%| F|  |TAMS 0x0000000097900000, 0x0000000097900000| Untracked 
| 378|0x0000000097a00000, 0x0000000097a00000, 0x0000000097b00000|  0%| F|  |TAMS 0x0000000097a00000, 0x0000000097a00000| Untracked 
| 379|0x0000000097b00000, 0x0000000097b00000, 0x0000000097c00000|  0%| F|  |TAMS 0x0000000097b00000, 0x0000000097b00000| Untracked 
| 380|0x0000000097c00000, 0x0000000097c00000, 0x0000000097d00000|  0%| F|  |TAMS 0x0000000097c00000, 0x0000000097c00000| Untracked 
| 381|0x0000000097d00000, 0x0000000097d00000, 0x0000000097e00000|  0%| F|  |TAMS 0x0000000097d00000, 0x0000000097d00000| Untracked 
| 382|0x0000000097e00000, 0x0000000097e00000, 0x0000000097f00000|  0%| F|  |TAMS 0x0000000097e00000, 0x0000000097e00000| Untracked 
| 383|0x0000000097f00000, 0x0000000097f00000, 0x0000000098000000|  0%| F|  |TAMS 0x0000000097f00000, 0x0000000097f00000| Untracked 
| 384|0x0000000098000000, 0x0000000098000000, 0x0000000098100000|  0%| F|  |TAMS 0x0000000098000000, 0x0000000098000000| Untracked 
| 385|0x0000000098100000, 0x0000000098100000, 0x0000000098200000|  0%| F|  |TAMS 0x0000000098100000, 0x0000000098100000| Untracked 
| 386|0x0000000098200000, 0x0000000098200000, 0x0000000098300000|  0%| F|  |TAMS 0x0000000098200000, 0x0000000098200000| Untracked 
| 387|0x0000000098300000, 0x0000000098300000, 0x0000000098400000|  0%| F|  |TAMS 0x0000000098300000, 0x0000000098300000| Untracked 
| 388|0x0000000098400000, 0x0000000098400000, 0x0000000098500000|  0%| F|  |TAMS 0x0000000098400000, 0x0000000098400000| Untracked 
| 389|0x0000000098500000, 0x0000000098500000, 0x0000000098600000|  0%| F|  |TAMS 0x0000000098500000, 0x0000000098500000| Untracked 
| 390|0x0000000098600000, 0x0000000098600000, 0x0000000098700000|  0%| F|  |TAMS 0x0000000098600000, 0x0000000098600000| Untracked 
| 391|0x0000000098700000, 0x0000000098700000, 0x0000000098800000|  0%| F|  |TAMS 0x0000000098700000, 0x0000000098700000| Untracked 
| 392|0x0000000098800000, 0x0000000098800000, 0x0000000098900000|  0%| F|  |TAMS 0x0000000098800000, 0x0000000098800000| Untracked 
| 393|0x0000000098900000, 0x0000000098900000, 0x0000000098a00000|  0%| F|  |TAMS 0x0000000098900000, 0x0000000098900000| Untracked 
| 394|0x0000000098a00000, 0x0000000098a00000, 0x0000000098b00000|  0%| F|  |TAMS 0x0000000098a00000, 0x0000000098a00000| Untracked 
| 395|0x0000000098b00000, 0x0000000098b00000, 0x0000000098c00000|  0%| F|  |TAMS 0x0000000098b00000, 0x0000000098b00000| Untracked 
| 396|0x0000000098c00000, 0x0000000098c00000, 0x0000000098d00000|  0%| F|  |TAMS 0x0000000098c00000, 0x0000000098c00000| Untracked 
| 397|0x0000000098d00000, 0x0000000098d00000, 0x0000000098e00000|  0%| F|  |TAMS 0x0000000098d00000, 0x0000000098d00000| Untracked 
| 398|0x0000000098e00000, 0x0000000098e00000, 0x0000000098f00000|  0%| F|  |TAMS 0x0000000098e00000, 0x0000000098e00000| Untracked 
| 399|0x0000000098f00000, 0x0000000098f00000, 0x0000000099000000|  0%| F|  |TAMS 0x0000000098f00000, 0x0000000098f00000| Untracked 
| 400|0x0000000099000000, 0x0000000099000000, 0x0000000099100000|  0%| F|  |TAMS 0x0000000099000000, 0x0000000099000000| Untracked 
| 401|0x0000000099100000, 0x0000000099100000, 0x0000000099200000|  0%| F|  |TAMS 0x0000000099100000, 0x0000000099100000| Untracked 
| 402|0x0000000099200000, 0x0000000099200000, 0x0000000099300000|  0%| F|  |TAMS 0x0000000099200000, 0x0000000099200000| Untracked 
| 403|0x0000000099300000, 0x0000000099300000, 0x0000000099400000|  0%| F|  |TAMS 0x0000000099300000, 0x0000000099300000| Untracked 
| 404|0x0000000099400000, 0x0000000099400000, 0x0000000099500000|  0%| F|  |TAMS 0x0000000099400000, 0x0000000099400000| Untracked 
| 405|0x0000000099500000, 0x0000000099500000, 0x0000000099600000|  0%| F|  |TAMS 0x0000000099500000, 0x0000000099500000| Untracked 
| 406|0x0000000099600000, 0x0000000099600000, 0x0000000099700000|  0%| F|  |TAMS 0x0000000099600000, 0x0000000099600000| Untracked 
| 407|0x0000000099700000, 0x0000000099700000, 0x0000000099800000|  0%| F|  |TAMS 0x0000000099700000, 0x0000000099700000| Untracked 
| 408|0x0000000099800000, 0x0000000099800000, 0x0000000099900000|  0%| F|  |TAMS 0x0000000099800000, 0x0000000099800000| Untracked 
| 409|0x0000000099900000, 0x0000000099900000, 0x0000000099a00000|  0%| F|  |TAMS 0x0000000099900000, 0x0000000099900000| Untracked 
| 410|0x0000000099a00000, 0x0000000099a00000, 0x0000000099b00000|  0%| F|  |TAMS 0x0000000099a00000, 0x0000000099a00000| Untracked 
| 411|0x0000000099b00000, 0x0000000099b00000, 0x0000000099c00000|  0%| F|  |TAMS 0x0000000099b00000, 0x0000000099b00000| Untracked 
| 412|0x0000000099c00000, 0x0000000099c00000, 0x0000000099d00000|  0%| F|  |TAMS 0x0000000099c00000, 0x0000000099c00000| Untracked 
| 413|0x0000000099d00000, 0x0000000099d00000, 0x0000000099e00000|  0%| F|  |TAMS 0x0000000099d00000, 0x0000000099d00000| Untracked 
| 414|0x0000000099e00000, 0x0000000099e00000, 0x0000000099f00000|  0%| F|  |TAMS 0x0000000099e00000, 0x0000000099e00000| Untracked 
| 415|0x0000000099f00000, 0x0000000099f00000, 0x000000009a000000|  0%| F|  |TAMS 0x0000000099f00000, 0x0000000099f00000| Untracked 
| 416|0x000000009a000000, 0x000000009a000000, 0x000000009a100000|  0%| F|  |TAMS 0x000000009a000000, 0x000000009a000000| Untracked 
| 417|0x000000009a100000, 0x000000009a100000, 0x000000009a200000|  0%| F|  |TAMS 0x000000009a100000, 0x000000009a100000| Untracked 
| 418|0x000000009a200000, 0x000000009a200000, 0x000000009a300000|  0%| F|  |TAMS 0x000000009a200000, 0x000000009a200000| Untracked 
| 419|0x000000009a300000, 0x000000009a300000, 0x000000009a400000|  0%| F|  |TAMS 0x000000009a300000, 0x000000009a300000| Untracked 
| 420|0x000000009a400000, 0x000000009a400000, 0x000000009a500000|  0%| F|  |TAMS 0x000000009a400000, 0x000000009a400000| Untracked 
| 421|0x000000009a500000, 0x000000009a500000, 0x000000009a600000|  0%| F|  |TAMS 0x000000009a500000, 0x000000009a500000| Untracked 
| 422|0x000000009a600000, 0x000000009a600000, 0x000000009a700000|  0%| F|  |TAMS 0x000000009a600000, 0x000000009a600000| Untracked 
| 423|0x000000009a700000, 0x000000009a700000, 0x000000009a800000|  0%| F|  |TAMS 0x000000009a700000, 0x000000009a700000| Untracked 
| 424|0x000000009a800000, 0x000000009a800000, 0x000000009a900000|  0%| F|  |TAMS 0x000000009a800000, 0x000000009a800000| Untracked 
| 425|0x000000009a900000, 0x000000009a900000, 0x000000009aa00000|  0%| F|  |TAMS 0x000000009a900000, 0x000000009a900000| Untracked 
| 426|0x000000009aa00000, 0x000000009aa00000, 0x000000009ab00000|  0%| F|  |TAMS 0x000000009aa00000, 0x000000009aa00000| Untracked 
| 427|0x000000009ab00000, 0x000000009ab00000, 0x000000009ac00000|  0%| F|  |TAMS 0x000000009ab00000, 0x000000009ab00000| Untracked 
| 428|0x000000009ac00000, 0x000000009ac00000, 0x000000009ad00000|  0%| F|  |TAMS 0x000000009ac00000, 0x000000009ac00000| Untracked 
| 429|0x000000009ad00000, 0x000000009ad00000, 0x000000009ae00000|  0%| F|  |TAMS 0x000000009ad00000, 0x000000009ad00000| Untracked 
| 430|0x000000009ae00000, 0x000000009ae00000, 0x000000009af00000|  0%| F|  |TAMS 0x000000009ae00000, 0x000000009ae00000| Untracked 
| 431|0x000000009af00000, 0x000000009af00000, 0x000000009b000000|  0%| F|  |TAMS 0x000000009af00000, 0x000000009af00000| Untracked 
| 432|0x000000009b000000, 0x000000009b000000, 0x000000009b100000|  0%| F|  |TAMS 0x000000009b000000, 0x000000009b000000| Untracked 
| 433|0x000000009b100000, 0x000000009b100000, 0x000000009b200000|  0%| F|  |TAMS 0x000000009b100000, 0x000000009b100000| Untracked 
| 434|0x000000009b200000, 0x000000009b200000, 0x000000009b300000|  0%| F|  |TAMS 0x000000009b200000, 0x000000009b200000| Untracked 
| 435|0x000000009b300000, 0x000000009b300000, 0x000000009b400000|  0%| F|  |TAMS 0x000000009b300000, 0x000000009b300000| Untracked 
| 436|0x000000009b400000, 0x000000009b400000, 0x000000009b500000|  0%| F|  |TAMS 0x000000009b400000, 0x000000009b400000| Untracked 
| 437|0x000000009b500000, 0x000000009b500000, 0x000000009b600000|  0%| F|  |TAMS 0x000000009b500000, 0x000000009b500000| Untracked 
| 438|0x000000009b600000, 0x000000009b600000, 0x000000009b700000|  0%| F|  |TAMS 0x000000009b600000, 0x000000009b600000| Untracked 
| 439|0x000000009b700000, 0x000000009b700000, 0x000000009b800000|  0%| F|  |TAMS 0x000000009b700000, 0x000000009b700000| Untracked 
| 440|0x000000009b800000, 0x000000009b800000, 0x000000009b900000|  0%| F|  |TAMS 0x000000009b800000, 0x000000009b800000| Untracked 
| 441|0x000000009b900000, 0x000000009ba00000, 0x000000009ba00000|100%| S|CS|TAMS 0x000000009b900000, 0x000000009b900000| Complete 
| 442|0x000000009ba00000, 0x000000009bb00000, 0x000000009bb00000|100%| S|CS|TAMS 0x000000009ba00000, 0x000000009ba00000| Complete 
| 443|0x000000009bb00000, 0x000000009bc00000, 0x000000009bc00000|100%| S|CS|TAMS 0x000000009bb00000, 0x000000009bb00000| Complete 
| 444|0x000000009bc00000, 0x000000009bd00000, 0x000000009bd00000|100%| S|CS|TAMS 0x000000009bc00000, 0x000000009bc00000| Complete 
| 445|0x000000009bd00000, 0x000000009be00000, 0x000000009be00000|100%| S|CS|TAMS 0x000000009bd00000, 0x000000009bd00000| Complete 
| 446|0x000000009be00000, 0x000000009bf00000, 0x000000009bf00000|100%| S|CS|TAMS 0x000000009be00000, 0x000000009be00000| Complete 
| 447|0x000000009bf00000, 0x000000009c000000, 0x000000009c000000|100%| S|CS|TAMS 0x000000009bf00000, 0x000000009bf00000| Complete 
| 448|0x000000009c000000, 0x000000009c100000, 0x000000009c100000|100%| S|CS|TAMS 0x000000009c000000, 0x000000009c000000| Complete 
| 449|0x000000009c100000, 0x000000009c200000, 0x000000009c200000|100%| S|CS|TAMS 0x000000009c100000, 0x000000009c100000| Complete 
| 450|0x000000009c200000, 0x000000009c300000, 0x000000009c300000|100%| S|CS|TAMS 0x000000009c200000, 0x000000009c200000| Complete 
| 451|0x000000009c300000, 0x000000009c400000, 0x000000009c400000|100%| S|CS|TAMS 0x000000009c300000, 0x000000009c300000| Complete 
| 452|0x000000009c400000, 0x000000009c500000, 0x000000009c500000|100%| S|CS|TAMS 0x000000009c400000, 0x000000009c400000| Complete 
| 453|0x000000009c500000, 0x000000009c600000, 0x000000009c600000|100%| S|CS|TAMS 0x000000009c500000, 0x000000009c500000| Complete 
| 454|0x000000009c600000, 0x000000009c700000, 0x000000009c700000|100%| S|CS|TAMS 0x000000009c600000, 0x000000009c600000| Complete 
| 455|0x000000009c700000, 0x000000009c800000, 0x000000009c800000|100%| S|CS|TAMS 0x000000009c700000, 0x000000009c700000| Complete 
| 456|0x000000009c800000, 0x000000009c900000, 0x000000009c900000|100%| S|CS|TAMS 0x000000009c800000, 0x000000009c800000| Complete 
| 457|0x000000009c900000, 0x000000009ca00000, 0x000000009ca00000|100%| S|CS|TAMS 0x000000009c900000, 0x000000009c900000| Complete 
| 458|0x000000009ca00000, 0x000000009cb00000, 0x000000009cb00000|100%| S|CS|TAMS 0x000000009ca00000, 0x000000009ca00000| Complete 
| 459|0x000000009cb00000, 0x000000009cc00000, 0x000000009cc00000|100%| S|CS|TAMS 0x000000009cb00000, 0x000000009cb00000| Complete 
| 460|0x000000009cc00000, 0x000000009cd00000, 0x000000009cd00000|100%| S|CS|TAMS 0x000000009cc00000, 0x000000009cc00000| Complete 
| 461|0x000000009cd00000, 0x000000009ce00000, 0x000000009ce00000|100%| S|CS|TAMS 0x000000009cd00000, 0x000000009cd00000| Complete 
| 462|0x000000009ce00000, 0x000000009cf00000, 0x000000009cf00000|100%| S|CS|TAMS 0x000000009ce00000, 0x000000009ce00000| Complete 
| 463|0x000000009cf00000, 0x000000009d000000, 0x000000009d000000|100%| S|CS|TAMS 0x000000009cf00000, 0x000000009cf00000| Complete 
| 464|0x000000009d000000, 0x000000009d100000, 0x000000009d100000|100%| S|CS|TAMS 0x000000009d000000, 0x000000009d000000| Complete 
| 465|0x000000009d100000, 0x000000009d200000, 0x000000009d200000|100%| S|CS|TAMS 0x000000009d100000, 0x000000009d100000| Complete 
| 466|0x000000009d200000, 0x000000009d300000, 0x000000009d300000|100%| S|CS|TAMS 0x000000009d200000, 0x000000009d200000| Complete 
| 467|0x000000009d300000, 0x000000009d400000, 0x000000009d400000|100%| S|CS|TAMS 0x000000009d300000, 0x000000009d300000| Complete 
| 468|0x000000009d400000, 0x000000009d500000, 0x000000009d500000|100%| S|CS|TAMS 0x000000009d400000, 0x000000009d400000| Complete 
| 469|0x000000009d500000, 0x000000009d600000, 0x000000009d600000|100%| S|CS|TAMS 0x000000009d500000, 0x000000009d500000| Complete 
| 470|0x000000009d600000, 0x000000009d700000, 0x000000009d700000|100%| S|CS|TAMS 0x000000009d600000, 0x000000009d600000| Complete 
| 471|0x000000009d700000, 0x000000009d800000, 0x000000009d800000|100%| S|CS|TAMS 0x000000009d700000, 0x000000009d700000| Complete 
| 472|0x000000009d800000, 0x000000009d900000, 0x000000009d900000|100%| S|CS|TAMS 0x000000009d800000, 0x000000009d800000| Complete 
| 473|0x000000009d900000, 0x000000009da00000, 0x000000009da00000|100%| S|CS|TAMS 0x000000009d900000, 0x000000009d900000| Complete 
| 474|0x000000009da00000, 0x000000009db00000, 0x000000009db00000|100%| S|CS|TAMS 0x000000009da00000, 0x000000009da00000| Complete 
| 475|0x000000009db00000, 0x000000009db00000, 0x000000009dc00000|  0%| F|  |TAMS 0x000000009db00000, 0x000000009db00000| Untracked 
| 476|0x000000009dc00000, 0x000000009dc00000, 0x000000009dd00000|  0%| F|  |TAMS 0x000000009dc00000, 0x000000009dc00000| Untracked 
| 477|0x000000009dd00000, 0x000000009dd00000, 0x000000009de00000|  0%| F|  |TAMS 0x000000009dd00000, 0x000000009dd00000| Untracked 
| 478|0x000000009de00000, 0x000000009de00000, 0x000000009df00000|  0%| F|  |TAMS 0x000000009de00000, 0x000000009de00000| Untracked 
| 479|0x000000009df00000, 0x000000009df00000, 0x000000009e000000|  0%| F|  |TAMS 0x000000009df00000, 0x000000009df00000| Untracked 
| 480|0x000000009e000000, 0x000000009e000000, 0x000000009e100000|  0%| F|  |TAMS 0x000000009e000000, 0x000000009e000000| Untracked 
| 481|0x000000009e100000, 0x000000009e100000, 0x000000009e200000|  0%| F|  |TAMS 0x000000009e100000, 0x000000009e100000| Untracked 
| 482|0x000000009e200000, 0x000000009e200000, 0x000000009e300000|  0%| F|  |TAMS 0x000000009e200000, 0x000000009e200000| Untracked 
| 483|0x000000009e300000, 0x000000009e300000, 0x000000009e400000|  0%| F|  |TAMS 0x000000009e300000, 0x000000009e300000| Untracked 
| 484|0x000000009e400000, 0x000000009e400000, 0x000000009e500000|  0%| F|  |TAMS 0x000000009e400000, 0x000000009e400000| Untracked 
| 485|0x000000009e500000, 0x000000009e500000, 0x000000009e600000|  0%| F|  |TAMS 0x000000009e500000, 0x000000009e500000| Untracked 
| 486|0x000000009e600000, 0x000000009e600000, 0x000000009e700000|  0%| F|  |TAMS 0x000000009e600000, 0x000000009e600000| Untracked 
| 487|0x000000009e700000, 0x000000009e700000, 0x000000009e800000|  0%| F|  |TAMS 0x000000009e700000, 0x000000009e700000| Untracked 
| 488|0x000000009e800000, 0x000000009e800000, 0x000000009e900000|  0%| F|  |TAMS 0x000000009e800000, 0x000000009e800000| Untracked 
| 489|0x000000009e900000, 0x000000009e900000, 0x000000009ea00000|  0%| F|  |TAMS 0x000000009e900000, 0x000000009e900000| Untracked 
| 490|0x000000009ea00000, 0x000000009ea00000, 0x000000009eb00000|  0%| F|  |TAMS 0x000000009ea00000, 0x000000009ea00000| Untracked 
| 491|0x000000009eb00000, 0x000000009eb00000, 0x000000009ec00000|  0%| F|  |TAMS 0x000000009eb00000, 0x000000009eb00000| Untracked 
| 492|0x000000009ec00000, 0x000000009ec00000, 0x000000009ed00000|  0%| F|  |TAMS 0x000000009ec00000, 0x000000009ec00000| Untracked 
| 493|0x000000009ed00000, 0x000000009ed00000, 0x000000009ee00000|  0%| F|  |TAMS 0x000000009ed00000, 0x000000009ed00000| Untracked 
| 494|0x000000009ee00000, 0x000000009ee00000, 0x000000009ef00000|  0%| F|  |TAMS 0x000000009ee00000, 0x000000009ee00000| Untracked 
| 495|0x000000009ef00000, 0x000000009ef00000, 0x000000009f000000|  0%| F|  |TAMS 0x000000009ef00000, 0x000000009ef00000| Untracked 
| 496|0x000000009f000000, 0x000000009f000000, 0x000000009f100000|  0%| F|  |TAMS 0x000000009f000000, 0x000000009f000000| Untracked 
| 497|0x000000009f100000, 0x000000009f100000, 0x000000009f200000|  0%| F|  |TAMS 0x000000009f100000, 0x000000009f100000| Untracked 
| 498|0x000000009f200000, 0x000000009f200000, 0x000000009f300000|  0%| F|  |TAMS 0x000000009f200000, 0x000000009f200000| Untracked 
| 499|0x000000009f300000, 0x000000009f300000, 0x000000009f400000|  0%| F|  |TAMS 0x000000009f300000, 0x000000009f300000| Untracked 
| 500|0x000000009f400000, 0x000000009f400000, 0x000000009f500000|  0%| F|  |TAMS 0x000000009f400000, 0x000000009f400000| Untracked 
| 501|0x000000009f500000, 0x000000009f500000, 0x000000009f600000|  0%| F|  |TAMS 0x000000009f500000, 0x000000009f500000| Untracked 
| 502|0x000000009f600000, 0x000000009f600000, 0x000000009f700000|  0%| F|  |TAMS 0x000000009f600000, 0x000000009f600000| Untracked 
| 503|0x000000009f700000, 0x000000009f700000, 0x000000009f800000|  0%| F|  |TAMS 0x000000009f700000, 0x000000009f700000| Untracked 
| 504|0x000000009f800000, 0x000000009f800000, 0x000000009f900000|  0%| F|  |TAMS 0x000000009f800000, 0x000000009f800000| Untracked 
| 505|0x000000009f900000, 0x000000009f900000, 0x000000009fa00000|  0%| F|  |TAMS 0x000000009f900000, 0x000000009f900000| Untracked 
| 506|0x000000009fa00000, 0x000000009fa00000, 0x000000009fb00000|  0%| F|  |TAMS 0x000000009fa00000, 0x000000009fa00000| Untracked 
| 507|0x000000009fb00000, 0x000000009fb00000, 0x000000009fc00000|  0%| F|  |TAMS 0x000000009fb00000, 0x000000009fb00000| Untracked 
| 508|0x000000009fc00000, 0x000000009fc00000, 0x000000009fd00000|  0%| F|  |TAMS 0x000000009fc00000, 0x000000009fc00000| Untracked 
| 509|0x000000009fd00000, 0x000000009fd00000, 0x000000009fe00000|  0%| F|  |TAMS 0x000000009fd00000, 0x000000009fd00000| Untracked 
| 510|0x000000009fe00000, 0x000000009fe00000, 0x000000009ff00000|  0%| F|  |TAMS 0x000000009fe00000, 0x000000009fe00000| Untracked 
| 511|0x000000009ff00000, 0x000000009ff00000, 0x00000000a0000000|  0%| F|  |TAMS 0x000000009ff00000, 0x000000009ff00000| Untracked 
| 512|0x00000000a0000000, 0x00000000a0000000, 0x00000000a0100000|  0%| F|  |TAMS 0x00000000a0000000, 0x00000000a0000000| Untracked 
| 513|0x00000000a0100000, 0x00000000a0100000, 0x00000000a0200000|  0%| F|  |TAMS 0x00000000a0100000, 0x00000000a0100000| Untracked 
| 514|0x00000000a0200000, 0x00000000a0200000, 0x00000000a0300000|  0%| F|  |TAMS 0x00000000a0200000, 0x00000000a0200000| Untracked 
| 515|0x00000000a0300000, 0x00000000a0300000, 0x00000000a0400000|  0%| F|  |TAMS 0x00000000a0300000, 0x00000000a0300000| Untracked 
| 516|0x00000000a0400000, 0x00000000a0400000, 0x00000000a0500000|  0%| F|  |TAMS 0x00000000a0400000, 0x00000000a0400000| Untracked 
| 517|0x00000000a0500000, 0x00000000a0500000, 0x00000000a0600000|  0%| F|  |TAMS 0x00000000a0500000, 0x00000000a0500000| Untracked 
| 518|0x00000000a0600000, 0x00000000a0600000, 0x00000000a0700000|  0%| F|  |TAMS 0x00000000a0600000, 0x00000000a0600000| Untracked 
| 519|0x00000000a0700000, 0x00000000a0700000, 0x00000000a0800000|  0%| F|  |TAMS 0x00000000a0700000, 0x00000000a0700000| Untracked 
| 520|0x00000000a0800000, 0x00000000a0800000, 0x00000000a0900000|  0%| F|  |TAMS 0x00000000a0800000, 0x00000000a0800000| Untracked 
| 521|0x00000000a0900000, 0x00000000a0900000, 0x00000000a0a00000|  0%| F|  |TAMS 0x00000000a0900000, 0x00000000a0900000| Untracked 
| 522|0x00000000a0a00000, 0x00000000a0a00000, 0x00000000a0b00000|  0%| F|  |TAMS 0x00000000a0a00000, 0x00000000a0a00000| Untracked 
| 523|0x00000000a0b00000, 0x00000000a0b00000, 0x00000000a0c00000|  0%| F|  |TAMS 0x00000000a0b00000, 0x00000000a0b00000| Untracked 
| 524|0x00000000a0c00000, 0x00000000a0c00000, 0x00000000a0d00000|  0%| F|  |TAMS 0x00000000a0c00000, 0x00000000a0c00000| Untracked 
| 525|0x00000000a0d00000, 0x00000000a0d00000, 0x00000000a0e00000|  0%| F|  |TAMS 0x00000000a0d00000, 0x00000000a0d00000| Untracked 
| 526|0x00000000a0e00000, 0x00000000a0e00000, 0x00000000a0f00000|  0%| F|  |TAMS 0x00000000a0e00000, 0x00000000a0e00000| Untracked 
| 527|0x00000000a0f00000, 0x00000000a0f00000, 0x00000000a1000000|  0%| F|  |TAMS 0x00000000a0f00000, 0x00000000a0f00000| Untracked 
| 528|0x00000000a1000000, 0x00000000a1000000, 0x00000000a1100000|  0%| F|  |TAMS 0x00000000a1000000, 0x00000000a1000000| Untracked 
| 529|0x00000000a1100000, 0x00000000a1100000, 0x00000000a1200000|  0%| F|  |TAMS 0x00000000a1100000, 0x00000000a1100000| Untracked 
| 530|0x00000000a1200000, 0x00000000a1200000, 0x00000000a1300000|  0%| F|  |TAMS 0x00000000a1200000, 0x00000000a1200000| Untracked 
| 531|0x00000000a1300000, 0x00000000a1300000, 0x00000000a1400000|  0%| F|  |TAMS 0x00000000a1300000, 0x00000000a1300000| Untracked 
| 532|0x00000000a1400000, 0x00000000a1400000, 0x00000000a1500000|  0%| F|  |TAMS 0x00000000a1400000, 0x00000000a1400000| Untracked 
| 533|0x00000000a1500000, 0x00000000a1500000, 0x00000000a1600000|  0%| F|  |TAMS 0x00000000a1500000, 0x00000000a1500000| Untracked 
| 534|0x00000000a1600000, 0x00000000a1600000, 0x00000000a1700000|  0%| F|  |TAMS 0x00000000a1600000, 0x00000000a1600000| Untracked 
| 535|0x00000000a1700000, 0x00000000a1700000, 0x00000000a1800000|  0%| F|  |TAMS 0x00000000a1700000, 0x00000000a1700000| Untracked 
| 536|0x00000000a1800000, 0x00000000a1800000, 0x00000000a1900000|  0%| F|  |TAMS 0x00000000a1800000, 0x00000000a1800000| Untracked 
| 537|0x00000000a1900000, 0x00000000a1900000, 0x00000000a1a00000|  0%| F|  |TAMS 0x00000000a1900000, 0x00000000a1900000| Untracked 
| 538|0x00000000a1a00000, 0x00000000a1a00000, 0x00000000a1b00000|  0%| F|  |TAMS 0x00000000a1a00000, 0x00000000a1a00000| Untracked 
| 539|0x00000000a1b00000, 0x00000000a1b00000, 0x00000000a1c00000|  0%| F|  |TAMS 0x00000000a1b00000, 0x00000000a1b00000| Untracked 
| 540|0x00000000a1c00000, 0x00000000a1c00000, 0x00000000a1d00000|  0%| F|  |TAMS 0x00000000a1c00000, 0x00000000a1c00000| Untracked 
| 541|0x00000000a1d00000, 0x00000000a1d00000, 0x00000000a1e00000|  0%| F|  |TAMS 0x00000000a1d00000, 0x00000000a1d00000| Untracked 
| 542|0x00000000a1e00000, 0x00000000a1e00000, 0x00000000a1f00000|  0%| F|  |TAMS 0x00000000a1e00000, 0x00000000a1e00000| Untracked 
| 543|0x00000000a1f00000, 0x00000000a1f00000, 0x00000000a2000000|  0%| F|  |TAMS 0x00000000a1f00000, 0x00000000a1f00000| Untracked 
| 544|0x00000000a2000000, 0x00000000a2000000, 0x00000000a2100000|  0%| F|  |TAMS 0x00000000a2000000, 0x00000000a2000000| Untracked 
| 545|0x00000000a2100000, 0x00000000a2100000, 0x00000000a2200000|  0%| F|  |TAMS 0x00000000a2100000, 0x00000000a2100000| Untracked 
| 546|0x00000000a2200000, 0x00000000a2200000, 0x00000000a2300000|  0%| F|  |TAMS 0x00000000a2200000, 0x00000000a2200000| Untracked 
| 547|0x00000000a2300000, 0x00000000a2300000, 0x00000000a2400000|  0%| F|  |TAMS 0x00000000a2300000, 0x00000000a2300000| Untracked 
| 548|0x00000000a2400000, 0x00000000a2400000, 0x00000000a2500000|  0%| F|  |TAMS 0x00000000a2400000, 0x00000000a2400000| Untracked 
| 549|0x00000000a2500000, 0x00000000a2500000, 0x00000000a2600000|  0%| F|  |TAMS 0x00000000a2500000, 0x00000000a2500000| Untracked 
| 550|0x00000000a2600000, 0x00000000a2600000, 0x00000000a2700000|  0%| F|  |TAMS 0x00000000a2600000, 0x00000000a2600000| Untracked 
| 551|0x00000000a2700000, 0x00000000a2700000, 0x00000000a2800000|  0%| F|  |TAMS 0x00000000a2700000, 0x00000000a2700000| Untracked 
| 552|0x00000000a2800000, 0x00000000a2800000, 0x00000000a2900000|  0%| F|  |TAMS 0x00000000a2800000, 0x00000000a2800000| Untracked 
| 553|0x00000000a2900000, 0x00000000a2900000, 0x00000000a2a00000|  0%| F|  |TAMS 0x00000000a2900000, 0x00000000a2900000| Untracked 
| 554|0x00000000a2a00000, 0x00000000a2a00000, 0x00000000a2b00000|  0%| F|  |TAMS 0x00000000a2a00000, 0x00000000a2a00000| Untracked 
| 555|0x00000000a2b00000, 0x00000000a2b00000, 0x00000000a2c00000|  0%| F|  |TAMS 0x00000000a2b00000, 0x00000000a2b00000| Untracked 
| 556|0x00000000a2c00000, 0x00000000a2c00000, 0x00000000a2d00000|  0%| F|  |TAMS 0x00000000a2c00000, 0x00000000a2c00000| Untracked 
| 557|0x00000000a2d00000, 0x00000000a2d00000, 0x00000000a2e00000|  0%| F|  |TAMS 0x00000000a2d00000, 0x00000000a2d00000| Untracked 
| 558|0x00000000a2e00000, 0x00000000a2e00000, 0x00000000a2f00000|  0%| F|  |TAMS 0x00000000a2e00000, 0x00000000a2e00000| Untracked 
| 559|0x00000000a2f00000, 0x00000000a2f00000, 0x00000000a3000000|  0%| F|  |TAMS 0x00000000a2f00000, 0x00000000a2f00000| Untracked 
| 560|0x00000000a3000000, 0x00000000a3000000, 0x00000000a3100000|  0%| F|  |TAMS 0x00000000a3000000, 0x00000000a3000000| Untracked 
| 561|0x00000000a3100000, 0x00000000a3100000, 0x00000000a3200000|  0%| F|  |TAMS 0x00000000a3100000, 0x00000000a3100000| Untracked 
| 562|0x00000000a3200000, 0x00000000a3200000, 0x00000000a3300000|  0%| F|  |TAMS 0x00000000a3200000, 0x00000000a3200000| Untracked 
| 563|0x00000000a3300000, 0x00000000a3300000, 0x00000000a3400000|  0%| F|  |TAMS 0x00000000a3300000, 0x00000000a3300000| Untracked 
| 564|0x00000000a3400000, 0x00000000a3400000, 0x00000000a3500000|  0%| F|  |TAMS 0x00000000a3400000, 0x00000000a3400000| Untracked 
| 565|0x00000000a3500000, 0x00000000a3500000, 0x00000000a3600000|  0%| F|  |TAMS 0x00000000a3500000, 0x00000000a3500000| Untracked 
| 566|0x00000000a3600000, 0x00000000a3600000, 0x00000000a3700000|  0%| F|  |TAMS 0x00000000a3600000, 0x00000000a3600000| Untracked 
| 567|0x00000000a3700000, 0x00000000a3700000, 0x00000000a3800000|  0%| F|  |TAMS 0x00000000a3700000, 0x00000000a3700000| Untracked 
| 568|0x00000000a3800000, 0x00000000a3800000, 0x00000000a3900000|  0%| F|  |TAMS 0x00000000a3800000, 0x00000000a3800000| Untracked 
| 569|0x00000000a3900000, 0x00000000a3900000, 0x00000000a3a00000|  0%| F|  |TAMS 0x00000000a3900000, 0x00000000a3900000| Untracked 
| 570|0x00000000a3a00000, 0x00000000a3a00000, 0x00000000a3b00000|  0%| F|  |TAMS 0x00000000a3a00000, 0x00000000a3a00000| Untracked 
| 571|0x00000000a3b00000, 0x00000000a3b00000, 0x00000000a3c00000|  0%| F|  |TAMS 0x00000000a3b00000, 0x00000000a3b00000| Untracked 
| 572|0x00000000a3c00000, 0x00000000a3c00000, 0x00000000a3d00000|  0%| F|  |TAMS 0x00000000a3c00000, 0x00000000a3c00000| Untracked 
| 573|0x00000000a3d00000, 0x00000000a3d00000, 0x00000000a3e00000|  0%| F|  |TAMS 0x00000000a3d00000, 0x00000000a3d00000| Untracked 
| 574|0x00000000a3e00000, 0x00000000a3e00000, 0x00000000a3f00000|  0%| F|  |TAMS 0x00000000a3e00000, 0x00000000a3e00000| Untracked 
| 575|0x00000000a3f00000, 0x00000000a3f00000, 0x00000000a4000000|  0%| F|  |TAMS 0x00000000a3f00000, 0x00000000a3f00000| Untracked 
| 576|0x00000000a4000000, 0x00000000a4000000, 0x00000000a4100000|  0%| F|  |TAMS 0x00000000a4000000, 0x00000000a4000000| Untracked 
| 577|0x00000000a4100000, 0x00000000a4100000, 0x00000000a4200000|  0%| F|  |TAMS 0x00000000a4100000, 0x00000000a4100000| Untracked 
| 578|0x00000000a4200000, 0x00000000a4200000, 0x00000000a4300000|  0%| F|  |TAMS 0x00000000a4200000, 0x00000000a4200000| Untracked 
| 579|0x00000000a4300000, 0x00000000a4300000, 0x00000000a4400000|  0%| F|  |TAMS 0x00000000a4300000, 0x00000000a4300000| Untracked 
| 580|0x00000000a4400000, 0x00000000a4400000, 0x00000000a4500000|  0%| F|  |TAMS 0x00000000a4400000, 0x00000000a4400000| Untracked 
| 581|0x00000000a4500000, 0x00000000a4500000, 0x00000000a4600000|  0%| F|  |TAMS 0x00000000a4500000, 0x00000000a4500000| Untracked 
| 582|0x00000000a4600000, 0x00000000a4600000, 0x00000000a4700000|  0%| F|  |TAMS 0x00000000a4600000, 0x00000000a4600000| Untracked 
| 583|0x00000000a4700000, 0x00000000a4700000, 0x00000000a4800000|  0%| F|  |TAMS 0x00000000a4700000, 0x00000000a4700000| Untracked 
| 584|0x00000000a4800000, 0x00000000a4800000, 0x00000000a4900000|  0%| F|  |TAMS 0x00000000a4800000, 0x00000000a4800000| Untracked 
| 585|0x00000000a4900000, 0x00000000a4900000, 0x00000000a4a00000|  0%| F|  |TAMS 0x00000000a4900000, 0x00000000a4900000| Untracked 
| 586|0x00000000a4a00000, 0x00000000a4a00000, 0x00000000a4b00000|  0%| F|  |TAMS 0x00000000a4a00000, 0x00000000a4a00000| Untracked 
| 587|0x00000000a4b00000, 0x00000000a4b00000, 0x00000000a4c00000|  0%| F|  |TAMS 0x00000000a4b00000, 0x00000000a4b00000| Untracked 
| 588|0x00000000a4c00000, 0x00000000a4c00000, 0x00000000a4d00000|  0%| F|  |TAMS 0x00000000a4c00000, 0x00000000a4c00000| Untracked 
| 589|0x00000000a4d00000, 0x00000000a4d00000, 0x00000000a4e00000|  0%| F|  |TAMS 0x00000000a4d00000, 0x00000000a4d00000| Untracked 
| 590|0x00000000a4e00000, 0x00000000a4e00000, 0x00000000a4f00000|  0%| F|  |TAMS 0x00000000a4e00000, 0x00000000a4e00000| Untracked 
| 591|0x00000000a4f00000, 0x00000000a4f00000, 0x00000000a5000000|  0%| F|  |TAMS 0x00000000a4f00000, 0x00000000a4f00000| Untracked 
| 592|0x00000000a5000000, 0x00000000a5000000, 0x00000000a5100000|  0%| F|  |TAMS 0x00000000a5000000, 0x00000000a5000000| Untracked 
| 593|0x00000000a5100000, 0x00000000a5100000, 0x00000000a5200000|  0%| F|  |TAMS 0x00000000a5100000, 0x00000000a5100000| Untracked 
| 594|0x00000000a5200000, 0x00000000a5200000, 0x00000000a5300000|  0%| F|  |TAMS 0x00000000a5200000, 0x00000000a5200000| Untracked 
| 595|0x00000000a5300000, 0x00000000a5300000, 0x00000000a5400000|  0%| F|  |TAMS 0x00000000a5300000, 0x00000000a5300000| Untracked 
| 596|0x00000000a5400000, 0x00000000a5400000, 0x00000000a5500000|  0%| F|  |TAMS 0x00000000a5400000, 0x00000000a5400000| Untracked 
| 597|0x00000000a5500000, 0x00000000a55510a8, 0x00000000a5600000| 31%| E|  |TAMS 0x00000000a5500000, 0x00000000a5500000| Complete 
| 598|0x00000000a5600000, 0x00000000a5700000, 0x00000000a5700000|100%| E|CS|TAMS 0x00000000a5600000, 0x00000000a5600000| Complete 
| 599|0x00000000a5700000, 0x00000000a5800000, 0x00000000a5800000|100%| E|CS|TAMS 0x00000000a5700000, 0x00000000a5700000| Complete 
| 600|0x00000000a5800000, 0x00000000a5900000, 0x00000000a5900000|100%| E|CS|TAMS 0x00000000a5800000, 0x00000000a5800000| Complete 
| 601|0x00000000a5900000, 0x00000000a5a00000, 0x00000000a5a00000|100%| E|CS|TAMS 0x00000000a5900000, 0x00000000a5900000| Complete 
| 602|0x00000000a5a00000, 0x00000000a5b00000, 0x00000000a5b00000|100%| E|CS|TAMS 0x00000000a5a00000, 0x00000000a5a00000| Complete 
| 603|0x00000000a5b00000, 0x00000000a5c00000, 0x00000000a5c00000|100%| E|CS|TAMS 0x00000000a5b00000, 0x00000000a5b00000| Complete 
| 604|0x00000000a5c00000, 0x00000000a5d00000, 0x00000000a5d00000|100%| E|CS|TAMS 0x00000000a5c00000, 0x00000000a5c00000| Complete 
| 605|0x00000000a5d00000, 0x00000000a5e00000, 0x00000000a5e00000|100%| E|CS|TAMS 0x00000000a5d00000, 0x00000000a5d00000| Complete 
| 606|0x00000000a5e00000, 0x00000000a5f00000, 0x00000000a5f00000|100%| E|CS|TAMS 0x00000000a5e00000, 0x00000000a5e00000| Complete 
| 607|0x00000000a5f00000, 0x00000000a6000000, 0x00000000a6000000|100%| E|CS|TAMS 0x00000000a5f00000, 0x00000000a5f00000| Complete 
| 608|0x00000000a6000000, 0x00000000a6100000, 0x00000000a6100000|100%| E|CS|TAMS 0x00000000a6000000, 0x00000000a6000000| Complete 
| 609|0x00000000a6100000, 0x00000000a6200000, 0x00000000a6200000|100%| E|CS|TAMS 0x00000000a6100000, 0x00000000a6100000| Complete 
| 610|0x00000000a6200000, 0x00000000a6300000, 0x00000000a6300000|100%| E|CS|TAMS 0x00000000a6200000, 0x00000000a6200000| Complete 
| 611|0x00000000a6300000, 0x00000000a6400000, 0x00000000a6400000|100%| E|CS|TAMS 0x00000000a6300000, 0x00000000a6300000| Complete 
| 612|0x00000000a6400000, 0x00000000a6500000, 0x00000000a6500000|100%| E|CS|TAMS 0x00000000a6400000, 0x00000000a6400000| Complete 
| 613|0x00000000a6500000, 0x00000000a6600000, 0x00000000a6600000|100%| E|CS|TAMS 0x00000000a6500000, 0x00000000a6500000| Complete 
| 614|0x00000000a6600000, 0x00000000a6700000, 0x00000000a6700000|100%| E|CS|TAMS 0x00000000a6600000, 0x00000000a6600000| Complete 
| 615|0x00000000a6700000, 0x00000000a6800000, 0x00000000a6800000|100%| E|CS|TAMS 0x00000000a6700000, 0x00000000a6700000| Complete 
| 616|0x00000000a6800000, 0x00000000a6900000, 0x00000000a6900000|100%| E|CS|TAMS 0x00000000a6800000, 0x00000000a6800000| Complete 
| 617|0x00000000a6900000, 0x00000000a6a00000, 0x00000000a6a00000|100%| E|CS|TAMS 0x00000000a6900000, 0x00000000a6900000| Complete 
| 618|0x00000000a6a00000, 0x00000000a6b00000, 0x00000000a6b00000|100%| E|CS|TAMS 0x00000000a6a00000, 0x00000000a6a00000| Complete 
| 619|0x00000000a6b00000, 0x00000000a6c00000, 0x00000000a6c00000|100%| E|CS|TAMS 0x00000000a6b00000, 0x00000000a6b00000| Complete 
| 620|0x00000000a6c00000, 0x00000000a6d00000, 0x00000000a6d00000|100%| E|CS|TAMS 0x00000000a6c00000, 0x00000000a6c00000| Complete 
| 621|0x00000000a6d00000, 0x00000000a6e00000, 0x00000000a6e00000|100%| E|CS|TAMS 0x00000000a6d00000, 0x00000000a6d00000| Complete 
| 622|0x00000000a6e00000, 0x00000000a6f00000, 0x00000000a6f00000|100%| E|CS|TAMS 0x00000000a6e00000, 0x00000000a6e00000| Complete 
| 623|0x00000000a6f00000, 0x00000000a7000000, 0x00000000a7000000|100%| E|CS|TAMS 0x00000000a6f00000, 0x00000000a6f00000| Complete 
| 624|0x00000000a7000000, 0x00000000a7100000, 0x00000000a7100000|100%| E|CS|TAMS 0x00000000a7000000, 0x00000000a7000000| Complete 
| 625|0x00000000a7100000, 0x00000000a7200000, 0x00000000a7200000|100%| E|CS|TAMS 0x00000000a7100000, 0x00000000a7100000| Complete 
| 626|0x00000000a7200000, 0x00000000a7300000, 0x00000000a7300000|100%| E|CS|TAMS 0x00000000a7200000, 0x00000000a7200000| Complete 
| 627|0x00000000a7300000, 0x00000000a7400000, 0x00000000a7400000|100%| E|CS|TAMS 0x00000000a7300000, 0x00000000a7300000| Complete 
| 628|0x00000000a7400000, 0x00000000a7500000, 0x00000000a7500000|100%| E|CS|TAMS 0x00000000a7400000, 0x00000000a7400000| Complete 
| 629|0x00000000a7500000, 0x00000000a7600000, 0x00000000a7600000|100%| E|CS|TAMS 0x00000000a7500000, 0x00000000a7500000| Complete 
| 630|0x00000000a7600000, 0x00000000a7700000, 0x00000000a7700000|100%| E|CS|TAMS 0x00000000a7600000, 0x00000000a7600000| Complete 
| 631|0x00000000a7700000, 0x00000000a7800000, 0x00000000a7800000|100%| E|CS|TAMS 0x00000000a7700000, 0x00000000a7700000| Complete 
| 632|0x00000000a7800000, 0x00000000a7900000, 0x00000000a7900000|100%| E|CS|TAMS 0x00000000a7800000, 0x00000000a7800000| Complete 
| 633|0x00000000a7900000, 0x00000000a7a00000, 0x00000000a7a00000|100%| E|CS|TAMS 0x00000000a7900000, 0x00000000a7900000| Complete 
| 634|0x00000000a7a00000, 0x00000000a7b00000, 0x00000000a7b00000|100%| E|CS|TAMS 0x00000000a7a00000, 0x00000000a7a00000| Complete 
| 635|0x00000000a7b00000, 0x00000000a7c00000, 0x00000000a7c00000|100%| E|CS|TAMS 0x00000000a7b00000, 0x00000000a7b00000| Complete 
| 636|0x00000000a7c00000, 0x00000000a7d00000, 0x00000000a7d00000|100%| E|CS|TAMS 0x00000000a7c00000, 0x00000000a7c00000| Complete 
| 637|0x00000000a7d00000, 0x00000000a7e00000, 0x00000000a7e00000|100%| E|CS|TAMS 0x00000000a7d00000, 0x00000000a7d00000| Complete 
| 638|0x00000000a7e00000, 0x00000000a7f00000, 0x00000000a7f00000|100%| E|CS|TAMS 0x00000000a7e00000, 0x00000000a7e00000| Complete 
| 639|0x00000000a7f00000, 0x00000000a8000000, 0x00000000a8000000|100%| E|CS|TAMS 0x00000000a7f00000, 0x00000000a7f00000| Complete 
| 640|0x00000000a8000000, 0x00000000a8100000, 0x00000000a8100000|100%| E|CS|TAMS 0x00000000a8000000, 0x00000000a8000000| Complete 
| 641|0x00000000a8100000, 0x00000000a8200000, 0x00000000a8200000|100%| E|CS|TAMS 0x00000000a8100000, 0x00000000a8100000| Complete 
| 642|0x00000000a8200000, 0x00000000a8300000, 0x00000000a8300000|100%| E|CS|TAMS 0x00000000a8200000, 0x00000000a8200000| Complete 
| 643|0x00000000a8300000, 0x00000000a8400000, 0x00000000a8400000|100%| E|CS|TAMS 0x00000000a8300000, 0x00000000a8300000| Complete 
| 644|0x00000000a8400000, 0x00000000a8500000, 0x00000000a8500000|100%| E|CS|TAMS 0x00000000a8400000, 0x00000000a8400000| Complete 
| 645|0x00000000a8500000, 0x00000000a8600000, 0x00000000a8600000|100%| E|CS|TAMS 0x00000000a8500000, 0x00000000a8500000| Complete 
| 646|0x00000000a8600000, 0x00000000a8700000, 0x00000000a8700000|100%| E|CS|TAMS 0x00000000a8600000, 0x00000000a8600000| Complete 
| 647|0x00000000a8700000, 0x00000000a8800000, 0x00000000a8800000|100%| E|CS|TAMS 0x00000000a8700000, 0x00000000a8700000| Complete 
| 648|0x00000000a8800000, 0x00000000a8900000, 0x00000000a8900000|100%| E|CS|TAMS 0x00000000a8800000, 0x00000000a8800000| Complete 
| 649|0x00000000a8900000, 0x00000000a8a00000, 0x00000000a8a00000|100%| E|CS|TAMS 0x00000000a8900000, 0x00000000a8900000| Complete 
| 650|0x00000000a8a00000, 0x00000000a8b00000, 0x00000000a8b00000|100%| E|CS|TAMS 0x00000000a8a00000, 0x00000000a8a00000| Complete 
| 651|0x00000000a8b00000, 0x00000000a8c00000, 0x00000000a8c00000|100%| E|CS|TAMS 0x00000000a8b00000, 0x00000000a8b00000| Complete 
| 652|0x00000000a8c00000, 0x00000000a8d00000, 0x00000000a8d00000|100%| E|CS|TAMS 0x00000000a8c00000, 0x00000000a8c00000| Complete 
| 653|0x00000000a8d00000, 0x00000000a8e00000, 0x00000000a8e00000|100%| E|  |TAMS 0x00000000a8d00000, 0x00000000a8d00000| Complete 
| 654|0x00000000a8e00000, 0x00000000a8f00000, 0x00000000a8f00000|100%| E|CS|TAMS 0x00000000a8e00000, 0x00000000a8e00000| Complete 
| 655|0x00000000a8f00000, 0x00000000a9000000, 0x00000000a9000000|100%| E|CS|TAMS 0x00000000a8f00000, 0x00000000a8f00000| Complete 
| 656|0x00000000a9000000, 0x00000000a9100000, 0x00000000a9100000|100%| E|CS|TAMS 0x00000000a9000000, 0x00000000a9000000| Complete 
| 657|0x00000000a9100000, 0x00000000a9200000, 0x00000000a9200000|100%| E|CS|TAMS 0x00000000a9100000, 0x00000000a9100000| Complete 
| 658|0x00000000a9200000, 0x00000000a9300000, 0x00000000a9300000|100%| E|CS|TAMS 0x00000000a9200000, 0x00000000a9200000| Complete 
| 659|0x00000000a9300000, 0x00000000a9400000, 0x00000000a9400000|100%| E|CS|TAMS 0x00000000a9300000, 0x00000000a9300000| Complete 
| 660|0x00000000a9400000, 0x00000000a9500000, 0x00000000a9500000|100%| E|CS|TAMS 0x00000000a9400000, 0x00000000a9400000| Complete 
| 661|0x00000000a9500000, 0x00000000a9600000, 0x00000000a9600000|100%| E|CS|TAMS 0x00000000a9500000, 0x00000000a9500000| Complete 
| 662|0x00000000a9600000, 0x00000000a9700000, 0x00000000a9700000|100%| E|CS|TAMS 0x00000000a9600000, 0x00000000a9600000| Complete 
| 663|0x00000000a9700000, 0x00000000a9800000, 0x00000000a9800000|100%| E|CS|TAMS 0x00000000a9700000, 0x00000000a9700000| Complete 
| 664|0x00000000a9800000, 0x00000000a9900000, 0x00000000a9900000|100%| E|CS|TAMS 0x00000000a9800000, 0x00000000a9800000| Complete 
| 665|0x00000000a9900000, 0x00000000a9a00000, 0x00000000a9a00000|100%| E|CS|TAMS 0x00000000a9900000, 0x00000000a9900000| Complete 
| 666|0x00000000a9a00000, 0x00000000a9b00000, 0x00000000a9b00000|100%| E|CS|TAMS 0x00000000a9a00000, 0x00000000a9a00000| Complete 
| 667|0x00000000a9b00000, 0x00000000a9c00000, 0x00000000a9c00000|100%| E|CS|TAMS 0x00000000a9b00000, 0x00000000a9b00000| Complete 
| 668|0x00000000a9c00000, 0x00000000a9d00000, 0x00000000a9d00000|100%| E|CS|TAMS 0x00000000a9c00000, 0x00000000a9c00000| Complete 
| 669|0x00000000a9d00000, 0x00000000a9e00000, 0x00000000a9e00000|100%| E|CS|TAMS 0x00000000a9d00000, 0x00000000a9d00000| Complete 
| 670|0x00000000a9e00000, 0x00000000a9f00000, 0x00000000a9f00000|100%| E|CS|TAMS 0x00000000a9e00000, 0x00000000a9e00000| Complete 
| 671|0x00000000a9f00000, 0x00000000aa000000, 0x00000000aa000000|100%| E|CS|TAMS 0x00000000a9f00000, 0x00000000a9f00000| Complete 
| 672|0x00000000aa000000, 0x00000000aa100000, 0x00000000aa100000|100%| E|CS|TAMS 0x00000000aa000000, 0x00000000aa000000| Complete 
| 673|0x00000000aa100000, 0x00000000aa200000, 0x00000000aa200000|100%| E|CS|TAMS 0x00000000aa100000, 0x00000000aa100000| Complete 
| 674|0x00000000aa200000, 0x00000000aa300000, 0x00000000aa300000|100%| E|CS|TAMS 0x00000000aa200000, 0x00000000aa200000| Complete 
| 675|0x00000000aa300000, 0x00000000aa400000, 0x00000000aa400000|100%| E|CS|TAMS 0x00000000aa300000, 0x00000000aa300000| Complete 
| 676|0x00000000aa400000, 0x00000000aa500000, 0x00000000aa500000|100%| E|CS|TAMS 0x00000000aa400000, 0x00000000aa400000| Complete 
| 677|0x00000000aa500000, 0x00000000aa600000, 0x00000000aa600000|100%| E|CS|TAMS 0x00000000aa500000, 0x00000000aa500000| Complete 
| 678|0x00000000aa600000, 0x00000000aa700000, 0x00000000aa700000|100%| E|CS|TAMS 0x00000000aa600000, 0x00000000aa600000| Complete 
| 679|0x00000000aa700000, 0x00000000aa800000, 0x00000000aa800000|100%| E|CS|TAMS 0x00000000aa700000, 0x00000000aa700000| Complete 
| 680|0x00000000aa800000, 0x00000000aa900000, 0x00000000aa900000|100%| E|CS|TAMS 0x00000000aa800000, 0x00000000aa800000| Complete 
| 681|0x00000000aa900000, 0x00000000aaa00000, 0x00000000aaa00000|100%| E|CS|TAMS 0x00000000aa900000, 0x00000000aa900000| Complete 
| 682|0x00000000aaa00000, 0x00000000aab00000, 0x00000000aab00000|100%| E|CS|TAMS 0x00000000aaa00000, 0x00000000aaa00000| Complete 
| 683|0x00000000aab00000, 0x00000000aac00000, 0x00000000aac00000|100%| E|CS|TAMS 0x00000000aab00000, 0x00000000aab00000| Complete 
| 684|0x00000000aac00000, 0x00000000aad00000, 0x00000000aad00000|100%| E|CS|TAMS 0x00000000aac00000, 0x00000000aac00000| Complete 
| 685|0x00000000aad00000, 0x00000000aae00000, 0x00000000aae00000|100%| E|CS|TAMS 0x00000000aad00000, 0x00000000aad00000| Complete 
| 686|0x00000000aae00000, 0x00000000aaf00000, 0x00000000aaf00000|100%| E|CS|TAMS 0x00000000aae00000, 0x00000000aae00000| Complete 
| 687|0x00000000aaf00000, 0x00000000ab000000, 0x00000000ab000000|100%| E|CS|TAMS 0x00000000aaf00000, 0x00000000aaf00000| Complete 
| 688|0x00000000ab000000, 0x00000000ab100000, 0x00000000ab100000|100%| E|CS|TAMS 0x00000000ab000000, 0x00000000ab000000| Complete 
| 689|0x00000000ab100000, 0x00000000ab200000, 0x00000000ab200000|100%| E|CS|TAMS 0x00000000ab100000, 0x00000000ab100000| Complete 
| 690|0x00000000ab200000, 0x00000000ab300000, 0x00000000ab300000|100%| E|CS|TAMS 0x00000000ab200000, 0x00000000ab200000| Complete 
| 691|0x00000000ab300000, 0x00000000ab400000, 0x00000000ab400000|100%| E|CS|TAMS 0x00000000ab300000, 0x00000000ab300000| Complete 
| 692|0x00000000ab400000, 0x00000000ab500000, 0x00000000ab500000|100%| E|CS|TAMS 0x00000000ab400000, 0x00000000ab400000| Complete 
| 693|0x00000000ab500000, 0x00000000ab600000, 0x00000000ab600000|100%| E|CS|TAMS 0x00000000ab500000, 0x00000000ab500000| Complete 
| 694|0x00000000ab600000, 0x00000000ab700000, 0x00000000ab700000|100%| E|CS|TAMS 0x00000000ab600000, 0x00000000ab600000| Complete 
| 695|0x00000000ab700000, 0x00000000ab800000, 0x00000000ab800000|100%| E|CS|TAMS 0x00000000ab700000, 0x00000000ab700000| Complete 
| 696|0x00000000ab800000, 0x00000000ab900000, 0x00000000ab900000|100%| E|CS|TAMS 0x00000000ab800000, 0x00000000ab800000| Complete 
| 697|0x00000000ab900000, 0x00000000aba00000, 0x00000000aba00000|100%| E|CS|TAMS 0x00000000ab900000, 0x00000000ab900000| Complete 
| 698|0x00000000aba00000, 0x00000000abb00000, 0x00000000abb00000|100%| E|CS|TAMS 0x00000000aba00000, 0x00000000aba00000| Complete 
| 699|0x00000000abb00000, 0x00000000abc00000, 0x00000000abc00000|100%| E|CS|TAMS 0x00000000abb00000, 0x00000000abb00000| Complete 
| 700|0x00000000abc00000, 0x00000000abd00000, 0x00000000abd00000|100%| E|CS|TAMS 0x00000000abc00000, 0x00000000abc00000| Complete 
| 701|0x00000000abd00000, 0x00000000abe00000, 0x00000000abe00000|100%| E|CS|TAMS 0x00000000abd00000, 0x00000000abd00000| Complete 
| 702|0x00000000abe00000, 0x00000000abf00000, 0x00000000abf00000|100%| E|CS|TAMS 0x00000000abe00000, 0x00000000abe00000| Complete 
| 703|0x00000000abf00000, 0x00000000ac000000, 0x00000000ac000000|100%| E|CS|TAMS 0x00000000abf00000, 0x00000000abf00000| Complete 
| 704|0x00000000ac000000, 0x00000000ac100000, 0x00000000ac100000|100%| E|CS|TAMS 0x00000000ac000000, 0x00000000ac000000| Complete 
| 705|0x00000000ac100000, 0x00000000ac200000, 0x00000000ac200000|100%| E|CS|TAMS 0x00000000ac100000, 0x00000000ac100000| Complete 
| 706|0x00000000ac200000, 0x00000000ac300000, 0x00000000ac300000|100%| E|CS|TAMS 0x00000000ac200000, 0x00000000ac200000| Complete 
| 707|0x00000000ac300000, 0x00000000ac400000, 0x00000000ac400000|100%| E|CS|TAMS 0x00000000ac300000, 0x00000000ac300000| Complete 

Card table byte_map: [0x00000182c2010000,0x00000182c2410000] _byte_map_base: 0x00000182c1c10000

Marking Bits (Prev, Next): (CMBitMap*) 0x00000182aa8b8030, (CMBitMap*) 0x00000182aa8b8070
 Prev Bits: [0x00000182c2810000, 0x00000182c4810000)
 Next Bits: [0x00000182c4810000, 0x00000182c6810000)

Polling page: 0x00000182a8db0000

Metaspace:

Usage:
  Non-class:    156.52 MB used.
      Class:     23.63 MB used.
       Both:    180.15 MB used.

Virtual space:
  Non-class space:      192.00 MB reserved,     158.06 MB ( 82%) committed,  3 nodes.
      Class space:      416.00 MB reserved,      24.94 MB (  6%) committed,  1 nodes.
             Both:      608.00 MB reserved,     183.00 MB ( 30%) committed. 

Chunk freelists:
   Non-Class:  1.32 MB
       Class:  7.09 MB
        Both:  8.42 MB

MaxMetaspaceSize: 512.00 MB
CompressedClassSpaceSize: 416.00 MB
Initial GC threshold: 21.00 MB
Current GC threshold: 244.50 MB
CDS: on
MetaspaceReclaimPolicy: balanced
 - commit_granule_bytes: 65536.
 - commit_granule_words: 8192.
 - virtual_space_node_default_size: 8388608.
 - enlarge_chunks_in_place: 1.
 - new_chunks_are_fully_committed: 0.
 - uncommit_free_chunks: 1.
 - use_allocation_guard: 0.
 - handle_deallocations: 1.


Internal statistics:

num_allocs_failed_limit: 26.
num_arena_births: 4482.
num_arena_deaths: 0.
num_vsnodes_births: 4.
num_vsnodes_deaths: 0.
num_space_committed: 2926.
num_space_uncommitted: 0.
num_chunks_returned_to_freelist: 26.
num_chunks_taken_from_freelist: 13371.
num_chunk_merges: 26.
num_chunk_splits: 8224.
num_chunks_enlarged: 4523.
num_inconsistent_stats: 0.

CodeHeap 'non-profiled nmethods': size=120000Kb used=31760Kb max_used=31760Kb free=88239Kb
 bounds [0x00000182b9c80000, 0x00000182bbb90000, 0x00000182c11b0000]
CodeHeap 'profiled nmethods': size=120000Kb used=67066Kb max_used=67066Kb free=52933Kb
 bounds [0x00000182b21b0000, 0x00000182b6340000, 0x00000182b96e0000]
CodeHeap 'non-nmethods': size=5760Kb used=2597Kb max_used=2684Kb free=3162Kb
 bounds [0x00000182b96e0000, 0x00000182b99a0000, 0x00000182b9c80000]
 total_blobs=34588 nmethods=33443 adapters=1053
 compilation: enabled
              stopped_count=0, restarted_count=0
 full_count=0

Compilation events (20 events):
Event: 642.548 Thread 0x00000182c8f49980 42414       4       org.gradle.tooling.internal.provider.runner.OperationDependenciesResolver$$Lambda$1703/0x00000182cb9f0b00::apply (12 bytes)
Event: 642.555 Thread 0x00000182c95d08e0 42415       4       org.gradle.internal.properties.annotations.AbstractTypeMetadataWalker::walkNested (154 bytes)
Event: 642.556 Thread 0x00000182c8f4b2f0 42416       3       com.google.common.reflect.TypeResolver::<init> (6 bytes)
Event: 642.556 Thread 0x00000182c8f4b2f0 nmethod 42416 0x00000182b6328510 code [0x00000182b63286c0, 0x00000182b63288d8]
Event: 642.556 Thread 0x00000182c8f4b2f0 42417       3       com.android.build.gradle.internal.lint.VariantInputs_Decorated::getUseModuleDependencyLintModels (37 bytes)
Event: 642.557 Thread 0x00000182c8f4b2f0 nmethod 42417 0x00000182b6328a10 code [0x00000182b6328be0, 0x00000182b6328ff8]
Event: 642.583 Thread 0x00000182c8f49980 nmethod 42414 0x00000182bbb81010 code [0x00000182bbb812e0, 0x00000182bbb82a08]
Event: 642.583 Thread 0x00000182c8f49980 42418       4       org.gradle.api.internal.tasks.properties.CompositePropertyVisitor::visitInputFileProperty (55 bytes)
Event: 642.585 Thread 0x00000182c8f49980 nmethod 42418 0x00000182bbb83910 code [0x00000182bbb83aa0, 0x00000182bbb83c18]
Event: 642.585 Thread 0x00000182c8f4b2f0 42419       3       org.gradle.internal.fingerprint.impl.RelativePathFingerprintingStrategy::getHashingStrategy (4 bytes)
Event: 642.585 Thread 0x00000182c8f4b2f0 nmethod 42419 0x00000182b6329190 code [0x00000182b6329320, 0x00000182b6329438]
Event: 642.594 Thread 0x00000182c8f4b2f0 42420       3       com.android.build.gradle.tasks.ProcessLibraryManifest_Decorated::getManifestOutputFile (43 bytes)
Event: 642.595 Thread 0x00000182c8f4b2f0 nmethod 42420 0x00000182b6329510 code [0x00000182b6329740, 0x00000182b632a0b8]
Event: 642.605 Thread 0x00000182c8f49980 42421       4       java.util.TreeMap::fixAfterDeletion (351 bytes)
Event: 642.605 Thread 0x00000182c8f4b2f0 42422       1       com.android.build.gradle.internal.ide.dependencies.ArtifactCollectionsInputsImpl::getLevel1RuntimeArtifactCollections (5 bytes)
Event: 642.605 Thread 0x00000182c8f4b2f0 nmethod 42422 0x00000182bbb83d90 code [0x00000182bbb83f20, 0x00000182bbb83ff8]
Event: 642.609 Thread 0x00000182c8f4b2f0 42423       3       org.gradle.internal.snapshot.impl.AbstractMapSnapshot::<init> (10 bytes)
Event: 642.609 Thread 0x00000182c8f4b2f0 nmethod 42423 0x00000182b632a410 code [0x00000182b632a5a0, 0x00000182b632a758]
Event: 642.619 Thread 0x00000182c8f4b2f0 42424       1       org.gradle.api.internal.provider.Providers$NoValueProvider::getType (2 bytes)
Event: 642.619 Thread 0x00000182c8f4b2f0 nmethod 42424 0x00000182bbb84090 code [0x00000182bbb84220, 0x00000182bbb842f8]

GC Heap History (20 events):
Event: 435.586 GC heap before
{Heap before GC invocations=122 (full 0):
 garbage-first heap   total 724992K, used 352229K [0x0000000080000000, 0x0000000100000000)
  region size 1024K, 35 young (35840K), 31 survivors (31744K)
 Metaspace       used 150804K, committed 153152K, reserved 622592K
  class space    used 20071K, committed 21184K, reserved 425984K
}
Event: 435.616 GC heap after
{Heap after GC invocations=123 (full 0):
 garbage-first heap   total 724992K, used 325846K [0x0000000080000000, 0x0000000100000000)
  region size 1024K, 4 young (4096K), 4 survivors (4096K)
 Metaspace       used 150804K, committed 153152K, reserved 622592K
  class space    used 20071K, committed 21184K, reserved 425984K
}
Event: 440.978 GC heap before
{Heap before GC invocations=123 (full 0):
 garbage-first heap   total 724992K, used 561366K [0x0000000080000000, 0x0000000100000000)
  region size 1024K, 227 young (232448K), 4 survivors (4096K)
 Metaspace       used 155216K, committed 157696K, reserved 622592K
  class space    used 20623K, committed 21824K, reserved 425984K
}
Event: 440.993 GC heap after
{Heap after GC invocations=124 (full 0):
 garbage-first heap   total 724992K, used 336788K [0x0000000080000000, 0x0000000100000000)
  region size 1024K, 11 young (11264K), 11 survivors (11264K)
 Metaspace       used 155216K, committed 157696K, reserved 622592K
  class space    used 20623K, committed 21824K, reserved 425984K
}
Event: 480.322 GC heap before
{Heap before GC invocations=124 (full 0):
 garbage-first heap   total 724992K, used 566164K [0x0000000080000000, 0x0000000100000000)
  region size 1024K, 236 young (241664K), 11 survivors (11264K)
 Metaspace       used 167107K, committed 169664K, reserved 622592K
  class space    used 22419K, committed 23616K, reserved 425984K
}
Event: 480.342 GC heap after
{Heap after GC invocations=125 (full 0):
 garbage-first heap   total 724992K, used 335523K [0x0000000080000000, 0x0000000100000000)
  region size 1024K, 14 young (14336K), 14 survivors (14336K)
 Metaspace       used 167107K, committed 169664K, reserved 622592K
  class space    used 22419K, committed 23616K, reserved 425984K
}
Event: 487.904 GC heap before
{Heap before GC invocations=125 (full 0):
 garbage-first heap   total 724992K, used 583331K [0x0000000080000000, 0x0000000100000000)
  region size 1024K, 251 young (257024K), 14 survivors (14336K)
 Metaspace       used 174079K, committed 176704K, reserved 622592K
  class space    used 23279K, committed 24512K, reserved 425984K
}
Event: 487.974 GC heap after
{Heap after GC invocations=126 (full 0):
 garbage-first heap   total 724992K, used 352036K [0x0000000080000000, 0x0000000100000000)
  region size 1024K, 26 young (26624K), 26 survivors (26624K)
 Metaspace       used 174079K, committed 176704K, reserved 622592K
  class space    used 23279K, committed 24512K, reserved 425984K
}
Event: 497.897 GC heap before
{Heap before GC invocations=126 (full 0):
 garbage-first heap   total 724992K, used 598820K [0x0000000080000000, 0x0000000100000000)
  region size 1024K, 256 young (262144K), 26 survivors (26624K)
 Metaspace       used 176341K, committed 179008K, reserved 622592K
  class space    used 23517K, committed 24768K, reserved 425984K
}
Event: 497.931 GC heap after
{Heap after GC invocations=127 (full 0):
 garbage-first heap   total 724992K, used 344662K [0x0000000080000000, 0x0000000100000000)
  region size 1024K, 6 young (6144K), 6 survivors (6144K)
 Metaspace       used 176341K, committed 179008K, reserved 622592K
  class space    used 23517K, committed 24768K, reserved 425984K
}
Event: 501.415 GC heap before
{Heap before GC invocations=127 (full 0):
 garbage-first heap   total 724992K, used 605782K [0x0000000080000000, 0x0000000100000000)
  region size 1024K, 254 young (260096K), 6 survivors (6144K)
 Metaspace       used 181324K, committed 184000K, reserved 622592K
  class space    used 23909K, committed 25152K, reserved 425984K
}
Event: 501.432 GC heap after
{Heap after GC invocations=128 (full 0):
 garbage-first heap   total 724992K, used 345606K [0x0000000080000000, 0x0000000100000000)
  region size 1024K, 11 young (11264K), 11 survivors (11264K)
 Metaspace       used 181324K, committed 184000K, reserved 622592K
  class space    used 23909K, committed 25152K, reserved 425984K
}
Event: 511.102 GC heap before
{Heap before GC invocations=128 (full 0):
 garbage-first heap   total 724992K, used 604678K [0x0000000080000000, 0x0000000100000000)
  region size 1024K, 263 young (269312K), 11 survivors (11264K)
 Metaspace       used 181828K, committed 184576K, reserved 622592K
  class space    used 23938K, committed 25216K, reserved 425984K
}
Event: 511.119 GC heap after
{Heap after GC invocations=129 (full 0):
 garbage-first heap   total 724992K, used 345123K [0x0000000080000000, 0x0000000100000000)
  region size 1024K, 13 young (13312K), 13 survivors (13312K)
 Metaspace       used 181828K, committed 184576K, reserved 622592K
  class space    used 23938K, committed 25216K, reserved 425984K
}
Event: 519.355 GC heap before
{Heap before GC invocations=129 (full 0):
 garbage-first heap   total 724992K, used 612387K [0x0000000080000000, 0x0000000100000000)
  region size 1024K, 270 young (276480K), 13 survivors (13312K)
 Metaspace       used 182922K, committed 185664K, reserved 622592K
  class space    used 24037K, committed 25280K, reserved 425984K
}
Event: 519.372 GC heap after
{Heap after GC invocations=130 (full 0):
 garbage-first heap   total 724992K, used 344551K [0x0000000080000000, 0x0000000100000000)
  region size 1024K, 10 young (10240K), 10 survivors (10240K)
 Metaspace       used 182922K, committed 185664K, reserved 622592K
  class space    used 24037K, committed 25280K, reserved 425984K
}
Event: 637.889 GC heap before
{Heap before GC invocations=130 (full 0):
 garbage-first heap   total 724992K, used 622055K [0x0000000080000000, 0x0000000100000000)
  region size 1024K, 275 young (281600K), 10 survivors (10240K)
 Metaspace       used 183759K, committed 186496K, reserved 622592K
  class space    used 24131K, committed 25408K, reserved 425984K
}
Event: 637.954 GC heap after
{Heap after GC invocations=131 (full 0):
 garbage-first heap   total 724992K, used 365812K [0x0000000080000000, 0x0000000100000000)
  region size 1024K, 32 young (32768K), 32 survivors (32768K)
 Metaspace       used 183759K, committed 186496K, reserved 622592K
  class space    used 24131K, committed 25408K, reserved 425984K
}
Event: 641.377 GC heap before
{Heap before GC invocations=131 (full 0):
 garbage-first heap   total 724992K, used 603380K [0x0000000080000000, 0x0000000100000000)
  region size 1024K, 265 young (271360K), 32 survivors (32768K)
 Metaspace       used 184284K, committed 187136K, reserved 622592K
  class space    used 24172K, committed 25472K, reserved 425984K
}
Event: 641.514 GC heap after
{Heap after GC invocations=132 (full 0):
 garbage-first heap   total 724992K, used 400436K [0x0000000080000000, 0x0000000100000000)
  region size 1024K, 34 young (34816K), 34 survivors (34816K)
 Metaspace       used 184284K, committed 187136K, reserved 622592K
  class space    used 24172K, committed 25472K, reserved 425984K
}

Deoptimization events (20 events):
Event: 640.158 Thread 0x00000182f83e7320 Uncommon trap: trap_request=0xffffffbe fr.pc=0x00000182bba47528 relative=0x00000000000003e8
Event: 640.158 Thread 0x00000182f83e7320 Uncommon trap: reason=profile_predicate action=maybe_recompile pc=0x00000182bba47528 method=java.util.regex.Pattern$SliceI.match(Ljava/util/regex/Matcher;ILjava/lang/CharSequence;)Z @ 18 c2
Event: 640.158 Thread 0x00000182f83e7320 DEOPT PACKING pc=0x00000182bba47528 sp=0x00000075882f8da0
Event: 640.158 Thread 0x00000182f83e7320 DEOPT UNPACKING pc=0x00000182b9735ba3 sp=0x00000075882f8d18 mode 2
Event: 640.158 Thread 0x00000182f83e7320 Uncommon trap: trap_request=0xffffffbe fr.pc=0x00000182bba47528 relative=0x00000000000003e8
Event: 640.158 Thread 0x00000182f83e7320 Uncommon trap: reason=profile_predicate action=maybe_recompile pc=0x00000182bba47528 method=java.util.regex.Pattern$SliceI.match(Ljava/util/regex/Matcher;ILjava/lang/CharSequence;)Z @ 18 c2
Event: 640.158 Thread 0x00000182f83e7320 DEOPT PACKING pc=0x00000182bba47528 sp=0x00000075882f8da0
Event: 640.158 Thread 0x00000182f83e7320 DEOPT UNPACKING pc=0x00000182b9735ba3 sp=0x00000075882f8d18 mode 2
Event: 640.199 Thread 0x00000182f83e7320 Uncommon trap: trap_request=0xfffffff4 fr.pc=0x00000182bbab2f0c relative=0x000000000000024c
Event: 640.199 Thread 0x00000182f83e7320 Uncommon trap: reason=null_check action=make_not_entrant pc=0x00000182bbab2f0c method=org.gradle.internal.properties.bean.DefaultPropertyWalker$CachedPropertyValue.isBuildable()Z @ 6 c2
Event: 640.199 Thread 0x00000182f83e7320 DEOPT PACKING pc=0x00000182bbab2f0c sp=0x00000075882f8c10
Event: 640.199 Thread 0x00000182f83e7320 DEOPT UNPACKING pc=0x00000182b9735ba3 sp=0x00000075882f8b60 mode 2
Event: 640.431 Thread 0x00000182f83e7320 Uncommon trap: trap_request=0xffffff76 fr.pc=0x00000182bbadd464 relative=0x00000000000003a4
Event: 640.431 Thread 0x00000182f83e7320 Uncommon trap: reason=predicate action=maybe_recompile pc=0x00000182bbadd464 method=java.util.regex.Pattern$SliceI.match(Ljava/util/regex/Matcher;ILjava/lang/CharSequence;)Z @ 18 c2
Event: 640.431 Thread 0x00000182f83e7320 DEOPT PACKING pc=0x00000182bbadd464 sp=0x00000075882f8e90
Event: 640.431 Thread 0x00000182f83e7320 DEOPT UNPACKING pc=0x00000182b9735ba3 sp=0x00000075882f8e08 mode 2
Event: 641.172 Thread 0x00000182f83e7320 DEOPT PACKING pc=0x00000182b5687619 sp=0x00000075882f9620
Event: 641.172 Thread 0x00000182f83e7320 DEOPT UNPACKING pc=0x00000182b97366e3 sp=0x00000075882f8b98 mode 0
Event: 642.385 Thread 0x00000182f87c4e70 DEOPT PACKING pc=0x00000182b32b6228 sp=0x000000758b4f9ef0
Event: 642.385 Thread 0x00000182f87c4e70 DEOPT UNPACKING pc=0x00000182b97366e3 sp=0x000000758b4f9390 mode 0

Classes unloaded (0 events):
No events

Classes redefined (0 events):
No events

Internal exceptions (20 events):
Event: 639.223 Thread 0x00000182f83e7320 Exception <a 'sun/nio/fs/WindowsException'{0x00000000a4730c70}> (0x00000000a4730c70) 
thrown [s\open\src\hotspot\share\prims\jni.cpp, line 516]
Event: 639.223 Thread 0x00000182f83e7320 Exception <a 'sun/nio/fs/WindowsException'{0x00000000a47321d0}> (0x00000000a47321d0) 
thrown [s\open\src\hotspot\share\prims\jni.cpp, line 516]
Event: 639.223 Thread 0x00000182f83e7320 Exception <a 'sun/nio/fs/WindowsException'{0x00000000a4733730}> (0x00000000a4733730) 
thrown [s\open\src\hotspot\share\prims\jni.cpp, line 516]
Event: 640.199 Thread 0x00000182f83e7320 Implicit null exception at 0x00000182bbab2d9e to 0x00000182bbab2efc
Event: 642.053 Thread 0x00000182f87c4e70 Exception <a 'sun/nio/fs/WindowsException'{0x00000000a9fa9370}> (0x00000000a9fa9370) 
thrown [s\open\src\hotspot\share\prims\jni.cpp, line 516]
Event: 642.063 Thread 0x00000182f8e72c20 Exception <a 'sun/nio/fs/WindowsException'{0x00000000a9e34398}> (0x00000000a9e34398) 
thrown [s\open\src\hotspot\share\prims\jni.cpp, line 516]
Event: 642.072 Thread 0x00000182f8e72c20 Exception <a 'sun/nio/fs/WindowsException'{0x00000000a9e9c230}> (0x00000000a9e9c230) 
thrown [s\open\src\hotspot\share\prims\jni.cpp, line 516]
Event: 642.078 Thread 0x00000182f8e72c20 Exception <a 'sun/nio/fs/WindowsException'{0x00000000a9d12418}> (0x00000000a9d12418) 
thrown [s\open\src\hotspot\share\prims\jni.cpp, line 516]
Event: 642.084 Thread 0x00000182f8e72c20 Exception <a 'sun/nio/fs/WindowsException'{0x00000000a9d801e0}> (0x00000000a9d801e0) 
thrown [s\open\src\hotspot\share\prims\jni.cpp, line 516]
Event: 642.090 Thread 0x00000182f8e72c20 Exception <a 'sun/nio/fs/WindowsException'{0x00000000a9df3dc0}> (0x00000000a9df3dc0) 
thrown [s\open\src\hotspot\share\prims\jni.cpp, line 516]
Event: 642.097 Thread 0x00000182f8e72c20 Exception <a 'sun/nio/fs/WindowsException'{0x00000000a9c793e0}> (0x00000000a9c793e0) 
thrown [s\open\src\hotspot\share\prims\jni.cpp, line 516]
Event: 642.102 Thread 0x00000182f8e72c20 Exception <a 'sun/nio/fs/WindowsException'{0x00000000a9cfbce8}> (0x00000000a9cfbce8) 
thrown [s\open\src\hotspot\share\prims\jni.cpp, line 516]
Event: 642.505 Thread 0x00000182f8e72c20 Exception <a 'sun/nio/fs/WindowsException'{0x00000000a6cb3960}> (0x00000000a6cb3960) 
thrown [s\open\src\hotspot\share\prims\jni.cpp, line 516]
Event: 642.525 Thread 0x00000182f8e73130 Exception <a 'sun/nio/fs/WindowsException'{0x00000000a69c7c28}> (0x00000000a69c7c28) 
thrown [s\open\src\hotspot\share\prims\jni.cpp, line 516]
Event: 642.528 Thread 0x00000182f8e73130 Exception <a 'sun/nio/fs/WindowsException'{0x00000000a69f3d48}> (0x00000000a69f3d48) 
thrown [s\open\src\hotspot\share\prims\jni.cpp, line 516]
Event: 642.543 Thread 0x00000182f8e73130 Exception <a 'sun/nio/fs/WindowsException'{0x00000000a66a6ba8}> (0x00000000a66a6ba8) 
thrown [s\open\src\hotspot\share\prims\jni.cpp, line 516]
Event: 642.552 Thread 0x00000182f8e73130 Exception <a 'sun/nio/fs/WindowsException'{0x00000000a65782f0}> (0x00000000a65782f0) 
thrown [s\open\src\hotspot\share\prims\jni.cpp, line 516]
Event: 642.567 Thread 0x00000182f8e73130 Exception <a 'sun/nio/fs/WindowsException'{0x00000000a6240a60}> (0x00000000a6240a60) 
thrown [s\open\src\hotspot\share\prims\jni.cpp, line 516]
Event: 642.579 Thread 0x00000182f8e73130 Exception <a 'sun/nio/fs/WindowsException'{0x00000000a60cdcf8}> (0x00000000a60cdcf8) 
thrown [s\open\src\hotspot\share\prims\jni.cpp, line 516]
Event: 642.597 Thread 0x00000182f8e73b50 Exception <a 'sun/nio/fs/WindowsException'{0x00000000a5dd4048}> (0x00000000a5dd4048) 
thrown [s\open\src\hotspot\share\prims\jni.cpp, line 516]

VM Operations (20 events):
Event: 635.407 Executing VM operation: ICBufferFull
Event: 635.407 Executing VM operation: ICBufferFull done
Event: 635.683 Executing VM operation: ICBufferFull
Event: 635.683 Executing VM operation: ICBufferFull done
Event: 636.365 Executing VM operation: ICBufferFull
Event: 636.365 Executing VM operation: ICBufferFull done
Event: 637.371 Executing VM operation: Cleanup
Event: 637.371 Executing VM operation: Cleanup done
Event: 637.889 Executing VM operation: G1CollectForAllocation
Event: 637.955 Executing VM operation: G1CollectForAllocation done
Event: 638.505 Executing VM operation: HandshakeAllThreads
Event: 638.506 Executing VM operation: HandshakeAllThreads done
Event: 638.911 Executing VM operation: ICBufferFull
Event: 638.911 Executing VM operation: ICBufferFull done
Event: 639.917 Executing VM operation: Cleanup
Event: 639.918 Executing VM operation: Cleanup done
Event: 641.377 Executing VM operation: G1CollectForAllocation
Event: 641.514 Executing VM operation: G1CollectForAllocation done
Event: 642.504 Executing VM operation: ICBufferFull
Event: 642.505 Executing VM operation: ICBufferFull done

Events (20 events):
Event: 638.573 Thread 0x00000182c8f58050 flushing nmethod 0x00000182b5ce9a10
Event: 638.573 Thread 0x00000182c8f58050 flushing nmethod 0x00000182b5ce9d90
Event: 638.573 Thread 0x00000182c8f58050 flushing nmethod 0x00000182b5cea310
Event: 638.573 Thread 0x00000182c8f58050 flushing nmethod 0x00000182b5cea710
Event: 638.573 Thread 0x00000182c8f58050 flushing nmethod 0x00000182b5ceaa90
Event: 638.573 Thread 0x00000182c8f58050 flushing nmethod 0x00000182b5ceae90
Event: 638.573 Thread 0x00000182c8f58050 flushing nmethod 0x00000182b5ceb590
Event: 638.573 Thread 0x00000182c8f58050 flushing nmethod 0x00000182b5cedd10
Event: 638.573 Thread 0x00000182c8f58050 flushing nmethod 0x00000182b5cf0190
Event: 638.573 Thread 0x00000182c8f58050 flushing nmethod 0x00000182b5d03690
Event: 638.573 Thread 0x00000182c8f58050 flushing nmethod 0x00000182b5d4da10
Event: 638.575 Thread 0x00000182c8f58050 flushing nmethod 0x00000182b6001290
Event: 638.575 Thread 0x00000182c8f58050 flushing nmethod 0x00000182b601b310
Event: 638.575 Thread 0x00000182c8f58050 flushing nmethod 0x00000182b6020610
Event: 638.576 Thread 0x00000182c8f58050 flushing nmethod 0x00000182b6082090
Event: 638.576 Thread 0x00000182c8f58050 flushing nmethod 0x00000182b60a3e10
Event: 639.730 Thread 0x00000182c95cf8f0 Thread exited: 0x00000182c95cf8f0
Event: 639.750 Thread 0x00000182c95ce900 Thread exited: 0x00000182c95ce900
Event: 640.116 Thread 0x00000182c95d08e0 Thread added: 0x00000182c95d08e0
Event: 641.695 Thread 0x00000182ee1828b0 Thread added: 0x00000182ee1828b0


Dynamic libraries:
0x00007ff7c84b0000 - 0x00007ff7c84c0000 	C:\Program Files\Java\jdk-17\bin\java.exe
0x00007ff861100000 - 0x00007ff861363000 	C:\WINDOWS\SYSTEM32\ntdll.dll
0x00007ff860ba0000 - 0x00007ff860c67000 	C:\WINDOWS\System32\KERNEL32.DLL
0x00007ff85e440000 - 0x00007ff85e809000 	C:\WINDOWS\System32\KERNELBASE.dll
0x00007ff85edd0000 - 0x00007ff85ef1c000 	C:\WINDOWS\System32\ucrtbase.dll
0x00007ff845b50000 - 0x00007ff845b6b000 	C:\Program Files\Java\jdk-17\bin\VCRUNTIME140.dll
0x00007ff845b30000 - 0x00007ff845b49000 	C:\Program Files\Java\jdk-17\bin\jli.dll
0x00007ff85ef20000 - 0x00007ff85efd2000 	C:\WINDOWS\System32\ADVAPI32.dll
0x00007ff860970000 - 0x00007ff860a19000 	C:\WINDOWS\System32\msvcrt.dll
0x00007ff860660000 - 0x00007ff860706000 	C:\WINDOWS\System32\sechost.dll
0x00007ff85f0b0000 - 0x00007ff85f1c6000 	C:\WINDOWS\System32\RPCRT4.dll
0x00007ff85f380000 - 0x00007ff85f54a000 	C:\WINDOWS\System32\USER32.dll
0x00007ff837350000 - 0x00007ff8375e0000 	C:\WINDOWS\WinSxS\amd64_microsoft.windows.common-controls_6595b64144ccf1df_6.0.26100.3323_none_3e088096e3344490\COMCTL32.dll
0x00007ff85ed10000 - 0x00007ff85ed37000 	C:\WINDOWS\System32\win32u.dll
0x00007ff861090000 - 0x00007ff8610ba000 	C:\WINDOWS\System32\GDI32.dll
0x00007ff85e300000 - 0x00007ff85e431000 	C:\WINDOWS\System32\gdi32full.dll
0x00007ff85e970000 - 0x00007ff85ea13000 	C:\WINDOWS\System32\msvcp_win.dll
0x00007ff84d2b0000 - 0x00007ff84d2bb000 	C:\WINDOWS\SYSTEM32\VERSION.dll
0x00007ff85f070000 - 0x00007ff85f09f000 	C:\WINDOWS\System32\IMM32.DLL
0x00007ff856400000 - 0x00007ff85640c000 	C:\Program Files\Java\jdk-17\bin\vcruntime140_1.dll
0x00007ff807780000 - 0x00007ff80780e000 	C:\Program Files\Java\jdk-17\bin\msvcp140.dll
0x00007fffceed0000 - 0x00007fffcfab0000 	C:\Program Files\Java\jdk-17\bin\server\jvm.dll
0x00007ff860ff0000 - 0x00007ff860ff8000 	C:\WINDOWS\System32\PSAPI.DLL
0x00007ff845b20000 - 0x00007ff845b2a000 	C:\WINDOWS\SYSTEM32\WSOCK32.dll
0x00007ff852a10000 - 0x00007ff852a46000 	C:\WINDOWS\SYSTEM32\WINMM.dll
0x00007ff860da0000 - 0x00007ff860e14000 	C:\WINDOWS\System32\WS2_32.dll
0x00007ff85d0e0000 - 0x00007ff85d0fa000 	C:\WINDOWS\SYSTEM32\kernel.appcore.dll
0x00007ff845b10000 - 0x00007ff845b1a000 	C:\Program Files\Java\jdk-17\bin\jimage.dll
0x00007ff85b570000 - 0x00007ff85b7b1000 	C:\WINDOWS\SYSTEM32\DBGHELP.DLL
0x00007ff85f640000 - 0x00007ff85f9c2000 	C:\WINDOWS\System32\combase.dll
0x00007ff85f9d0000 - 0x00007ff85faa6000 	C:\WINDOWS\System32\OLEAUT32.dll
0x00007ff824970000 - 0x00007ff8249a9000 	C:\WINDOWS\SYSTEM32\dbgcore.DLL
0x00007ff85e8d0000 - 0x00007ff85e969000 	C:\WINDOWS\System32\bcryptPrimitives.dll
0x00007ff856390000 - 0x00007ff85639e000 	C:\Program Files\Java\jdk-17\bin\instrument.dll
0x00007ff81d610000 - 0x00007ff81d635000 	C:\Program Files\Java\jdk-17\bin\java.dll
0x00007ff807580000 - 0x00007ff807657000 	C:\Program Files\Java\jdk-17\bin\jsvml.dll
0x00007ff85fab0000 - 0x00007ff8601c5000 	C:\WINDOWS\System32\SHELL32.dll
0x00007ff85ea20000 - 0x00007ff85eb88000 	C:\WINDOWS\System32\wintypes.dll
0x00007ff85bfa0000 - 0x00007ff85c7e5000 	C:\WINDOWS\SYSTEM32\windows.storage.dll
0x00007ff85f550000 - 0x00007ff85f63b000 	C:\WINDOWS\System32\SHCORE.dll
0x00007ff85f010000 - 0x00007ff85f06d000 	C:\WINDOWS\System32\shlwapi.dll
0x00007ff85e210000 - 0x00007ff85e23f000 	C:\WINDOWS\SYSTEM32\profapi.dll
0x00007ff839e30000 - 0x00007ff839e48000 	C:\Program Files\Java\jdk-17\bin\zip.dll
0x00007ff8414c0000 - 0x00007ff8414d9000 	C:\Program Files\Java\jdk-17\bin\net.dll
0x00007ff854b60000 - 0x00007ff854c7e000 	C:\WINDOWS\SYSTEM32\WINHTTP.dll
0x00007ff85d5e0000 - 0x00007ff85d64a000 	C:\WINDOWS\system32\mswsock.dll
0x00007ff83f800000 - 0x00007ff83f816000 	C:\Program Files\Java\jdk-17\bin\nio.dll
0x00007ff8563d0000 - 0x00007ff8563e0000 	C:\Program Files\Java\jdk-17\bin\verify.dll
0x00007ff845cc0000 - 0x00007ff845ce7000 	C:\Users\LENOVO\.gradle\native\1def1411415f61bf3af743bc5b6707747c0891f09f0c88961ee8f79bc544acac\windows-amd64\native-platform.dll
0x000000006cd00000 - 0x000000006cd73000 	C:\Users\LENOVO\.gradle\native\0.2.5\x86_64-windows-gnu\gradle-fileevents.dll
0x00007ff845a90000 - 0x00007ff845a9a000 	C:\Program Files\Java\jdk-17\bin\management.dll
0x00007ff8419c0000 - 0x00007ff8419cb000 	C:\Program Files\Java\jdk-17\bin\management_ext.dll
0x00007ff85da00000 - 0x00007ff85da1c000 	C:\WINDOWS\SYSTEM32\CRYPTSP.dll
0x00007ff85d040000 - 0x00007ff85d07a000 	C:\WINDOWS\system32\rsaenh.dll
0x00007ff85d680000 - 0x00007ff85d6ab000 	C:\WINDOWS\SYSTEM32\USERENV.dll
0x00007ff85dc30000 - 0x00007ff85dc56000 	C:\WINDOWS\SYSTEM32\bcrypt.dll
0x00007ff85d810000 - 0x00007ff85d81c000 	C:\WINDOWS\SYSTEM32\CRYPTBASE.dll
0x00007ff85cbb0000 - 0x00007ff85cbe3000 	C:\WINDOWS\SYSTEM32\IPHLPAPI.DLL
0x00007ff85f1d0000 - 0x00007ff85f1da000 	C:\WINDOWS\System32\NSI.dll
0x00007ff854d50000 - 0x00007ff854d6f000 	C:\WINDOWS\SYSTEM32\dhcpcsvc6.DLL
0x00007ff854d20000 - 0x00007ff854d45000 	C:\WINDOWS\SYSTEM32\dhcpcsvc.DLL
0x00007ff85cbf0000 - 0x00007ff85cd15000 	C:\WINDOWS\SYSTEM32\DNSAPI.dll
0x00007ff8416b0000 - 0x00007ff8416be000 	C:\Program Files\Java\jdk-17\bin\sunmscapi.dll
0x00007ff85eb90000 - 0x00007ff85ed07000 	C:\WINDOWS\System32\CRYPT32.dll
0x00007ff85dbf0000 - 0x00007ff85dc20000 	C:\WINDOWS\SYSTEM32\ncrypt.dll
0x00007ff85dba0000 - 0x00007ff85dbdf000 	C:\WINDOWS\SYSTEM32\NTASN1.dll
0x00007ff802a40000 - 0x00007ff802a48000 	C:\WINDOWS\system32\wshunix.dll
0x000000006cc80000 - 0x000000006ccf3000 	C:\Users\LENOVO\AppData\Local\Temp\native-platform18445933418504838099dir\gradle-fileevents.dll
0x00007fffaeca0000 - 0x00007fffaecb8000 	C:\WINDOWS\system32\napinsp.dll
0x00007fffaecc0000 - 0x00007fffaecd2000 	C:\WINDOWS\System32\winrnr.dll
0x00007ff80dd20000 - 0x00007ff80dd42000 	C:\WINDOWS\system32\nlansp_c.dll
0x00007ff84d2d0000 - 0x00007ff84d2e6000 	C:\WINDOWS\system32\wshbth.dll
0x00007ff84d2c0000 - 0x00007ff84d2cb000 	C:\Windows\System32\rasadhlp.dll
0x00007ff8554c0000 - 0x00007ff855545000 	C:\WINDOWS\System32\fwpuclnt.dll
0x00007ff85d200000 - 0x00007ff85d235000 	C:\WINDOWS\SYSTEM32\ntmarta.dll
0x00007ff845aa0000 - 0x00007ff845aa7000 	C:\Program Files\Java\jdk-17\bin\rmi.dll

dbghelp: loaded successfully - version: 4.0.5 - missing functions: none
symbol engine: initialized successfully - sym options: 0x614 - pdb path: .;C:\Program Files\Java\jdk-17\bin;C:\WINDOWS\SYSTEM32;C:\WINDOWS\WinSxS\amd64_microsoft.windows.common-controls_6595b64144ccf1df_6.0.26100.3323_none_3e088096e3344490;C:\Program Files\Java\jdk-17\bin\server;C:\Users\LENOVO\.gradle\native\1def1411415f61bf3af743bc5b6707747c0891f09f0c88961ee8f79bc544acac\windows-amd64;C:\Users\LENOVO\.gradle\native\0.2.5\x86_64-windows-gnu;C:\Users\LENOVO\AppData\Local\Temp\native-platform18445933418504838099dir

VM Arguments:
jvm_args: --add-opens=java.base/java.lang=ALL-UNNAMED --add-opens=java.base/java.lang.invoke=ALL-UNNAMED --add-opens=java.base/java.util=ALL-UNNAMED --add-opens=java.prefs/java.util.prefs=ALL-UNNAMED --add-exports=jdk.compiler/com.sun.tools.javac.api=ALL-UNNAMED --add-exports=jdk.compiler/com.sun.tools.javac.util=ALL-UNNAMED --add-opens=java.base/java.util=ALL-UNNAMED --add-opens=java.prefs/java.util.prefs=ALL-UNNAMED --add-opens=java.base/java.nio.charset=ALL-UNNAMED --add-opens=java.base/java.net=ALL-UNNAMED --add-opens=java.base/java.util.concurrent.atomic=ALL-UNNAMED --add-opens=java.xml/javax.xml.namespace=ALL-UNNAMED -XX:MaxMetaspaceSize=512m -Xmx2048m -Dfile.encoding=windows-1252 -Duser.country=GB -Duser.language=en -Duser.variant -javaagent:C:\Users\LENOVO\.gradle\wrapper\dists\gradle-8.12-all\ejduaidbjup3bmmkhw3rie4zb\gradle-8.12\lib\agents\gradle-instrumentation-agent-8.12.jar 
java_command: org.gradle.launcher.daemon.bootstrap.GradleDaemon 8.12
java_class_path (initial): C:\Users\LENOVO\.gradle\wrapper\dists\gradle-8.12-all\ejduaidbjup3bmmkhw3rie4zb\gradle-8.12\lib\gradle-daemon-main-8.12.jar
Launcher Type: SUN_STANDARD

[Global flags]
     intx CICompilerCount                          = 4                                         {product} {ergonomic}
   size_t CompressedClassSpaceSize                 = 436207616                                 {product} {ergonomic}
     uint ConcGCThreads                            = 2                                         {product} {ergonomic}
     uint G1ConcRefinementThreads                  = 8                                         {product} {ergonomic}
   size_t G1HeapRegionSize                         = 1048576                                   {product} {ergonomic}
    uintx GCDrainStackTargetSize                   = 64                                        {product} {ergonomic}
   size_t InitialHeapSize                          = 132120576                                 {product} {ergonomic}
   size_t MarkStackSize                            = 4194304                                   {product} {ergonomic}
   size_t MaxHeapSize                              = 2147483648                                {product} {command line}
   size_t MaxMetaspaceSize                         = 536870912                                 {product} {command line}
   size_t MaxNewSize                               = 1287651328                                {product} {ergonomic}
   size_t MinHeapDeltaBytes                        = 1048576                                   {product} {ergonomic}
   size_t MinHeapSize                              = 8388608                                   {product} {ergonomic}
    uintx NonNMethodCodeHeapSize                   = 5839372                                {pd product} {ergonomic}
    uintx NonProfiledCodeHeapSize                  = 122909434                              {pd product} {ergonomic}
    uintx ProfiledCodeHeapSize                     = 122909434                              {pd product} {ergonomic}
    uintx ReservedCodeCacheSize                    = 251658240                              {pd product} {ergonomic}
     bool SegmentedCodeCache                       = true                                      {product} {ergonomic}
   size_t SoftMaxHeapSize                          = 2147483648                             {manageable} {ergonomic}
     bool UseCompressedClassPointers               = true                           {product lp64_product} {ergonomic}
     bool UseCompressedOops                        = true                           {product lp64_product} {ergonomic}
     bool UseG1GC                                  = true                                      {product} {ergonomic}
     bool UseLargePagesIndividualAllocation        = false                                  {pd product} {ergonomic}

Logging:
Log output configuration:
 #0: stdout all=warning uptime,level,tags
 #1: stderr all=off uptime,level,tags

Environment Variables:
JAVA_HOME=C:\Program Files\Java\jdk-17
CLASSPATH=D:\ReactNativeLearning\Portfolio\android\\gradle\wrapper\gradle-wrapper.jar
PATH=D:\ReactNativeLearning\Portfolio\node_modules\.bin;D:\ReactNativeLearning\Portfolio\node_modules\.bin;D:\ReactNativeLearning\node_modules\.bin;D:\node_modules\.bin;C:\Users\LENOVO\AppData\Roaming\npm\node_modules\npm\node_modules\@npmcli\run-script\lib\node-gyp-bin;C:\Program Files\Common Files\Oracle\Java\javapath;c:\Users\LENOVO\AppData\Local\Programs\cursor\resources\app\bin;C:\Program Files\Python38\Scripts\;C:\Program Files\Python38\;C:\Windows\system32;C:\Windows;C:\Windows\System32\Wbem;C:\Windows\System32\WindowsPowerShell\v1.0\;C:\Windows\System32\OpenSSH\;C:\Program Files (x86)\NVIDIA Corporation\PhysX\Common;C:\WINDOWS\system32;C:\WINDOWS;C:\WINDOWS\System32\Wbem;C:\WINDOWS\System32\WindowsPowerShell\v1.0\;C:\WINDOWS\System32\OpenSSH\;C:\MinGW\bin;C:\Program Files\Python38;C:\Program Files\Git\cmd;C:\Users\LENOVO\anaconda3;C:\Users\LENOVO\anaconda3\Library\mingw-w64\bin;C:\Users\LENOVO\anaconda3\Library\usr\bin;C:\Users\LENOVO\anaconda3\Library\bin;C:\Users\LENOVO\anaconda3\Scripts;C:\Users\LENOVO\AppData\Local\Programs\Python\Launcher\;C:\Users\LENOVO\AppData\Local\Microsoft\WindowsApps;C:\MinGW\msys\1.0\bin;C:\WINDOWS\system32;C:\WINDOWS;C:\WINDOWS\System32\Wbem;C:\WINDOWS\System32\WindowsPowerShell\v1.0\;C:\WINDOWS\System32\OpenSSH\;C:\Program Files\nodejs;C:\Users\LENOVO\AppData\Local\Android\Sdk\platform-tools;C:\Program Files\Java\jdk-17\bin;C:\Program Files\dotnet\;C:\Users\LENOVO\AppData\Local\Microsoft\WindowsApps;C:\MinGW\bin;C:\MinGW\msys\1.0\bin;C:\Users\LENOVO\AppData\Local\JetBrains\Toolbox\scripts;C:\Program Files;C:\xampp\php;C:\Program Files\JetBrains\IntelliJ IDEA Community Edition 2024.2.1\bin;;C:\Users\LENOVO\AppData\Local\Programs\Microsoft VS Code\bin;C:\Users\LENOVO\AppData\Local\Microsoft\WindowsApps;C:\Users\LENOVO\AppData\Roaming\npm;C:\Users\LENOVO\.dotnet\tools;C:\Users\LENOVO\AppData\Local\Android\Sdk\platform-tools;
USERNAME=Chhotu
OS=Windows_NT
PROCESSOR_IDENTIFIER=Intel64 Family 6 Model 140 Stepping 1, GenuineIntel



---------------  S Y S T E M  ---------------

OS:
 Windows 11 , 64 bit Build 26100 (10.0.26100.3323)
OS uptime: 0 days 0:47 hours
Hyper-V role detected

CPU: total 8 (initial active 8) (4 cores per cpu, 2 threads per core) family 6 model 140 stepping 1 microcode 0xaa, cx8, cmov, fxsr, ht, mmx, 3dnowpref, sse, sse2, sse3, ssse3, sse4.1, sse4.2, popcnt, lzcnt, tsc, tscinvbit, avx, avx2, aes, erms, clmul, bmi1, bmi2, adx, avx512f, avx512dq, avx512cd, avx512bw, avx512vl, sha, fma, vzeroupper, avx512_vpopcntdq, avx512_vpclmulqdq, avx512_vaes, avx512_vnni, clflush, clflushopt, clwb, avx512_vbmi2, avx512_vbmi, hv

Memory: 4k page, system-wide physical 7975M (512M free)
TotalPageFile size 15564M (AvailPageFile size 10M)
current process WorkingSet (physical memory assigned to process): 824M, peak: 1023M
current process commit charge ("private bytes"): 1311M, peak: 1327M

vm_info: Java HotSpot(TM) 64-Bit Server VM (17.0.12+8-LTS-286) for windows-amd64 JRE (17.0.12+8-LTS-286), built on Jun  5 2024 06:46:59 by "mach5one" with MS VC++ 17.6 (VS2022)

END.
